Date of Sale (dd/mm/yyyy),Address,Postal Code,County,Price (€),Not Full Market Price,VAT Exclusive,Description of Property,Property Size Description
"02/01/2014","28 CHERRYFIELD RD, WALKINSTOWN, DUBLIN 12","","Dublin","€95,000.00","No","No","Second-Hand Dwelling house /Apartment",""
"02/01/2014","32 KILCROSS SQ, SANDYFORD, DUBLIN 18","","Dublin","€170,000.00","No","No","Second-Hand Dwelling house /Apartment",""
"02/01/2014","70 EDENMORE AVENUE, RAHENY, DUBLIN 5","","Dublin","€141,000.00","No","No","Second-Hand Dwelling house /Apartment",""
"02/01/2014","76 CABRA DR, PHIBSBOROUGH, DUBLIN 7","","Dublin","€155,000.00","Yes","No","Second-Hand Dwelling house /Apartment",""
"03/01/2014","18 ALBERT COLLEGE CRESCENT, GLASNEVIN, DUBLIN 9","","Dublin","€257,500.00","No","No","Second-Hand Dwelling house /Apartment",""
"03/01/2014","19 FORTFIELD DR, TERENURE, DUBLIN 6W","","Dublin","€850,000.00","No","No","Second-Hand Dwelling house /Apartment",""
"03/01/2014","25 BEECHLAWN AVE, WOODVILLE ESTATE, COOLOCK DUBLIN 5","","Dublin","€176,666.00","No","No","Second-Hand Dwelling house /Apartment",""
"03/01/2014","29 THE LODGE, GOLDENRIDGE, RUSH","","Dublin","€190,500.00","No","No","Second-Hand Dwelling house /Apartment",""
"03/01/2014","29 THOMAS ST (UPPER FLOORS), DUBLIN 8","","Dublin","€121,000.00","No","No","Second-Hand Dwelling house /Apartment",""
"03/01/2014","34 MOUNTDOWN PARK, MOUNTDOWN EAST, TERENURE DUBLIN 12","Dublin 12","Dublin","€640,000.00","No","No","Second-Hand Dwelling house /Apartment",""
"03/01/2014","37 CASTLECURRAGH VALE, MULHUDDART, DUBLIN 15","","Dublin","€129,000.00","No","No","Second-Hand Dwelling house /Apartment",""
"03/01/2014","55 College Square, Terenure","Dublin 6w","Dublin","€447,200.00","No","Yes","New Dwelling house /Apartment","greater than or equal to 38 sq metres and less than 125 sq metres"
"03/01/2014","80 GRANGE RD, BALDOYLE, DUBLIN 13","","Dublin","€317,000.00","No","No","Second-Hand Dwelling house /Apartment",""
"03/01/2014","96 ST STEPHENS GREEN, DUBLIN 2, DUBLIN","","Dublin","€530,000.00","No","No","Second-Hand Dwelling house /Apartment",""
"06/01/2014","14 Clyde Lane, Ballsbridge, Dublin 4","","Dublin","€770,000.00","No","No","Second-Hand Dwelling house /Apartment",""
"06/01/2014","15 MOUNTJOY ST MIDDLE, BROADSTONE, DUBLIN 7","","Dublin","€130,000.00","No","No","Second-Hand Dwelling house /Apartment",""
"06/01/2014","16 DAWSON COURT, CROSS AVE, BLACKROCK","","Dublin","€226,100.00","No","No","Second-Hand Dwelling house /Apartment",""
"06/01/2014","241 BELLEVUE, NEPTUNE, HOUSE ISLAND BRIDGE","","Dublin","€221,000.00","No","No","Second-Hand Dwelling house /Apartment",""
"06/01/2014","336, LE FANU ROAD, BALLYFERMOT DUBLIN 10","","Dublin","€52,250.00","Yes","No","Second-Hand Dwelling house /Apartment",""
"06/01/2014","44 CARROW RD, DUBLIN 12, DUBLIN","","Dublin","€150,000.00","No","No","Second-Hand Dwelling house /Apartment",""
"06/01/2014","44 Slade Castle Avenue, Saggart","","Dublin","€163,876.65","No","Yes","New Dwelling house /Apartment","greater than or equal to 38 sq metres and less than 125 sq metres"
"06/01/2014","47 WELLMOUNT CRESCENT, FINGLAS, DUBLIN","","Dublin","€120,000.00","No","No","Second-Hand Dwelling house /Apartment",""
"06/01/2014","5 cherangani, Old Navan Road, Dublin 15","Dublin 15","Dublin","€242,500.00","No","Yes","New Dwelling house /Apartment","greater than 125 sq metres"
"06/01/2014","74, NORTHWAY ESTATE, FINGLAS DUBLIN 11","","Dublin","€85,510.00","Yes","No","Second-Hand Dwelling house /Apartment",""
"06/01/2014","76 FITZWILLIAM QUAY, RINGSEND, DUBLIN 4","","Dublin","€241,000.00","No","No","Second-Hand Dwelling house /Apartment",""
"06/01/2014","8 ARDAGH AVE, BLACKROCK, DUBLIN","","Dublin","€370,000.00","No","No","Second-Hand Dwelling house /Apartment",""
"06/01/2014","APT 3, THE TURRETS, 84 UPPER RATHMINES RD DUBLIN 6","","Dublin","€75,000.00","No","No","Second-Hand Dwelling house /Apartment",""
"07/01/2014","1 GAZELLE LANE, TYRELLSTOWN, DUBLIN 15","","Dublin","€149,750.00","No","No","Second-Hand Dwelling house /Apartment",""
"07/01/2014","106 BALLYMUN RD, GLASNEVIN, DUBLIN 11","","Dublin","€150,000.00","Yes","No","Second-Hand Dwelling house /Apartment",""
"07/01/2014","12 THE GALLOPS, MOORETOWN, SWORDS","","Dublin","€155,000.00","No","No","Second-Hand Dwelling house /Apartment",""
"07/01/2014","16 LIFFEY GLEN, LUCAN, DUBLIN","","Dublin","€121,000.00","No","No","Second-Hand Dwelling house /Apartment",""
"07/01/2014","244 CHERRYWOOD LAWN, DUBLIN 22, DUBLIN","","Dublin","€135,000.00","No","No","Second-Hand Dwelling house /Apartment",""
"07/01/2014","27 RADCLIFFE HALL, ST JOHNS RD, DUBLIN 4","","Dublin","€470,000.00","No","No","Second-Hand Dwelling house /Apartment",""
"07/01/2014","31 ST PETERS RD, PHIBSBOROUGH, DUBLIN 7","","Dublin","€150,000.00","No","No","Second-Hand Dwelling house /Apartment",""
"07/01/2014","43 THE OVAL, TULLYVALE, CABINTEELY DUBLIN 18","","Dublin","€160,000.00","No","No","Second-Hand Dwelling house /Apartment",""
"07/01/2014","43 Tramway Court, Tallaght, Dublin","Dublin 24","Dublin","€50,000.00","No","No","Second-Hand Dwelling house /Apartment",""
"07/01/2014","5 PHOENIX TERRACE, BLACKROCK, DUBLIN","","Dublin","€110,000.00","Yes","No","Second-Hand Dwelling house /Apartment",""
"07/01/2014","51 ARDGLAS, DUNDRUM, DUBLIN 16","","Dublin","€599,000.00","No","No","Second-Hand Dwelling house /Apartment",""
"07/01/2014","57 Tramway Court, Tallaght, Dublin","Dublin 24","Dublin","€50,000.00","No","No","Second-Hand Dwelling house /Apartment",""
"07/01/2014","70 TEMPLE LAWNS, SANTRY, DUBLIN 9","","Dublin","€99,000.00","No","No","Second-Hand Dwelling house /Apartment",""
"07/01/2014","APR 19, BLOCK C1, NEW SESKIN COURT","","Dublin","€106,000.00","No","No","Second-Hand Dwelling house /Apartment",""
"07/01/2014","Number 7 Belfort House, Sydenham Villas, Dundrum","Dublin 14","Dublin","€398,000.00","No","No","Second-Hand Dwelling house /Apartment",""
"08/01/2014","11 Beechfield Close, Walkinstown","Dublin 12","Dublin","€242,500.00","No","No","Second-Hand Dwelling house /Apartment",""
"08/01/2014","12 GEOFFREY KEATING RD, South Circular Road, DUBLIN 8","Dublin 8","Dublin","€284,000.00","No","No","Second-Hand Dwelling house /Apartment",""
"08/01/2014","12 PAIRC NA CUILEANN, POPPINTREE, DUBLIN 11","","Dublin","€132,000.00","No","No","Second-Hand Dwelling house /Apartment",""
"08/01/2014","1A Monksfield Grove, Clondalkin","Dublin 22","Dublin","€180,000.00","No","No","Second-Hand Dwelling house /Apartment",""
"08/01/2014","1A, KNOCKMEENAGH RD, NEWLANDS CROSS DUBLIN 22","","Dublin","€270,000.00","No","No","Second-Hand Dwelling house /Apartment",""
"08/01/2014","208 RATHBORNE COURT, ASHTOWN, DUBLIN 15","","Dublin","€200,000.00","No","No","Second-Hand Dwelling house /Apartment",""
"08/01/2014","3 Merrion Hall, Mount Merrion Ave, Blackrock","Dublin 3","Dublin","€315,000.00","No","No","Second-Hand Dwelling house /Apartment",""
"08/01/2014","30 BLACKHEATH GARDENS, CLONTARF, DUBLIN 3","","Dublin","€575,000.00","No","No","Second-Hand Dwelling house /Apartment",""
"08/01/2014","4 MILLERS LANE, HILLSIDE, SKERRIES","","Dublin","€271,000.00","No","No","Second-Hand Dwelling house /Apartment",""
"08/01/2014","6 BARTON AVE, RATHFARNHAM, DUBLIN","","Dublin","€330,000.00","Yes","No","Second-Hand Dwelling house /Apartment",""
"08/01/2014","6 THE WALK, CARRICKMINES MANOR, GLENAMUCK RD","","Dublin","€295,000.00","No","No","Second-Hand Dwelling house /Apartment",""
"08/01/2014","8 FINNSLAWN, FINNSTOWN CLOISTERS, FINNSTOWN","","Dublin","€192,000.00","No","No","Second-Hand Dwelling house /Apartment",""
"08/01/2014","83 Kincora Court, Clontarf","Dublin 3","Dublin","€215,000.00","No","No","Second-Hand Dwelling house /Apartment",""
"08/01/2014","89 LARKHILL RD, DUBLIN 9, DUBLIN","","Dublin","€156,000.00","No","No","Second-Hand Dwelling house /Apartment",""
"08/01/2014","9 ORWELL PARK DALE, TEMPLEOGUE","Dublin 6w","Dublin","€450,000.00","No","No","Second-Hand Dwelling house /Apartment",""
"08/01/2014","90 CLEARSTREAM COURT, MCKEE AVE, FINGLAS DUBLIN 11","","Dublin","€153,000.00","No","No","Second-Hand Dwelling house /Apartment",""
"08/01/2014","Apartment 32 Belarmine Hall, Belarmine Avenue, Stepaside","Dublin 18","Dublin","€185,000.00","No","No","Second-Hand Dwelling house /Apartment",""
"08/01/2014","AVALON, GARRISTOWN, CO DUBLIN","","Dublin","€191,500.00","No","No","Second-Hand Dwelling house /Apartment",""
"08/01/2014","Greenhill Court Apartments, Greenhills Road, Tallaght","Dublin 24","Dublin","€815,000.00","No","No","Second-Hand Dwelling house /Apartment",""
"09/01/2014","1 MERTON WALK, MOUNT ST ANNES, MILLTOWN","","Dublin","€780,000.00","No","No","Second-Hand Dwelling house /Apartment",""
"09/01/2014","10 ASHLEIGH COURT, CASTLEKNOCK, DUBLIN 15","","Dublin","€163,000.00","No","No","Second-Hand Dwelling house /Apartment",""
"09/01/2014","126 ST MAELRUANS PARK, TALLAGHT, DUBLIN 24","","Dublin","€161,000.00","No","No","Second-Hand Dwelling house /Apartment",""
"09/01/2014","15 ST MARYS RD, EAST WALL, DUBLIN 3","","Dublin","€132,500.00","No","No","Second-Hand Dwelling house /Apartment",""
"09/01/2014","16  Castleland Park Avenue, Balbriggan","","Dublin","€185,022.00","No","Yes","New Dwelling house /Apartment","greater than or equal to 38 sq metres and less than 125 sq metres"
"09/01/2014","21 THE MEWS, GRANITEFIELD, ROCHESTOWN AVE DUN LAOGHAIRE","","Dublin","€223,000.00","No","No","Second-Hand Dwelling house /Apartment",""
"09/01/2014","30 MELVIN RD TERENURE, DUBLIN 6W, DUBLIN","","Dublin","€440,000.00","No","No","Second-Hand Dwelling house /Apartment",""
"09/01/2014","33 CASTLEGATE GREEN, ADAMSTOWN CASTLE, ADAMSTOWN","","Dublin","€193,000.00","No","No","Second-Hand Dwelling house /Apartment",""
"09/01/2014","38 THE ORCHARD, LEIXLIP RD, LUCAN","","Dublin","€205,000.00","No","No","Second-Hand Dwelling house /Apartment",""
"09/01/2014","43 CLONFERT RD, KIMMAGE, DUBLIN 12","","Dublin","€82,369.52","Yes","No","Second-Hand Dwelling house /Apartment",""
"09/01/2014","43 CONQUER HILL RD, CLONTARF, DUBLIN","","Dublin","€175,000.00","No","No","Second-Hand Dwelling house /Apartment",""
"09/01/2014","44 THE OAKS, HERBERT PARK LANE, BALLSBRIDGE DUBLIN 4","","Dublin","€422,000.00","No","No","Second-Hand Dwelling house /Apartment",""
"09/01/2014","48 Beechill Avenue, Donnybrook","Dublin 4","Dublin","€200,000.00","No","No","Second-Hand Dwelling house /Apartment",""
"09/01/2014","49 SMITHFIELD GATE, DUBLIN 7","","Dublin","€136,000.00","No","No","Second-Hand Dwelling house /Apartment",""
"09/01/2014","68 RANELAGH VILLAGE, DUBLIN 6, DUBLIN","","Dublin","€245,000.00","No","No","Second-Hand Dwelling house /Apartment",""
"09/01/2014","7 EAGLE HILL AVE, TERENURE, DUBLIN 6W","","Dublin","€354,000.00","No","No","Second-Hand Dwelling house /Apartment",""
"09/01/2014","85 CORDUFF PARK, BLANCHARDSTOWN, CO. DUBLIN","","Dublin","€73,270.00","Yes","No","Second-Hand Dwelling house /Apartment",""
"09/01/2014","88 TEMPLEVILLE RD, TERENURE, DUBLIN 6W","","Dublin","€490,000.00","No","No","Second-Hand Dwelling house /Apartment",""
"09/01/2014","9 Loftus Close, Belmont, Stepaside","Dublin 18","Dublin","€334,802.00","No","Yes","New Dwelling house /Apartment","greater than or equal to 38 sq metres and less than 125 sq metres"
"09/01/2014","Apartment 16 Cedar Grove, Firhouse Road, Templeogue","Dublin 16","Dublin","€196,035.24","No","Yes","New Dwelling house /Apartment","greater than or equal to 38 sq metres and less than 125 sq metres"
"09/01/2014","APT 83, 25 WOLFE TONE ST, DUBLIN 1","","Dublin","€170,000.00","No","No","Second-Hand Dwelling house /Apartment",""
"09/01/2014","DRUMELLA, CHURCH AVENUE, PORTMARNOCK","","Dublin","€495,000.00","No","No","Second-Hand Dwelling house /Apartment",""
"09/01/2014","Innishmaan, Channel Road, Rush","","Dublin","€280,000.00","No","No","Second-Hand Dwelling house /Apartment",""
"10/01/2014","10 KINVARA AVE, NAVAN RD, DUBLIN 7","","Dublin","€216,000.00","No","No","Second-Hand Dwelling house /Apartment",""
"10/01/2014","11 ST GATIENS COURT, WHITECHURCH RD, RATHFARNHAM DUBLIN 14","","Dublin","€496,000.00","No","No","Second-Hand Dwelling house /Apartment",""
"10/01/2014","129 THE LINKS, ELMPARK, MERRION RD DUBLIN 4","","Dublin","€235,000.00","No","No","Second-Hand Dwelling house /Apartment",""
"10/01/2014","130 THE LINKS, ELMPARK, MERRION RD DUBLIN 4","","Dublin","€345,000.00","No","No","Second-Hand Dwelling house /Apartment",""
"10/01/2014","14 Barnwell Way, Barnwell, Hansfield","Dublin 15","Dublin","€136,563.87","No","Yes","New Dwelling house /Apartment","greater than or equal to 38 sq metres and less than 125 sq metres"
"10/01/2014","144 LITTLEPACE GALLOPS, CLONEE, DUBLIN 15","","Dublin","€349,000.00","No","No","Second-Hand Dwelling house /Apartment",""
"10/01/2014","15 TEMPLEVIEW ROW CLAREHALL, DUBLIN 13, DUBLIN","","Dublin","€158,200.00","No","No","Second-Hand Dwelling house /Apartment",""
"10/01/2014","18 THE ANCHORAGE, ROBSWALL, MALAHIDE","","Dublin","€227,000.00","No","No","Second-Hand Dwelling house /Apartment",""
"10/01/2014","19 MONKSFIELD LAWNS, CLONDALKIN, DUBLIN 22","","Dublin","€160,000.00","No","No","Second-Hand Dwelling house /Apartment",""
"10/01/2014","1A GRACE PARK RD, DRUMCONDRA, DUBLIN 9","","Dublin","€246,000.00","No","No","Second-Hand Dwelling house /Apartment",""
"10/01/2014","23 BOOTERSTOWN WOOD, BOOTERSTOWN, DUBLIN 4","","Dublin","€260,000.00","No","No","Second-Hand Dwelling house /Apartment",""
"10/01/2014","24 Mallin Avenue, Rialto","Dublin 8","Dublin","€88,000.00","No","No","Second-Hand Dwelling house /Apartment",""
"10/01/2014","24 TEMPLE MANOR GROVE, DUBLIN 12, DUBLIN","","Dublin","€310,000.00","No","No","Second-Hand Dwelling house /Apartment",""
"10/01/2014","27 CLOISTER WAY, CARYSFORT AVE, BLACKROCK","","Dublin","€435,000.00","No","No","Second-Hand Dwelling house /Apartment",""
"10/01/2014","29 LINDSAY HOUSE, DEAN COURT, PATRICK ST DUBLIN 8","","Dublin","€215,000.00","No","No","Second-Hand Dwelling house /Apartment",""
"10/01/2014","3 Beverton Court, Donabate","","Dublin","€75,000.00","No","No","Second-Hand Dwelling house /Apartment",""
"10/01/2014","3 MANOR STREET, STONEYBATTER","Dublin 7","Dublin","€92,400.00","No","No","Second-Hand Dwelling house /Apartment",""
"10/01/2014","3 MOYGLASS DR, LUCAN, DUBLIN","","Dublin","€226,000.00","No","No","Second-Hand Dwelling house /Apartment",""
"10/01/2014","32 COURT APTS, WILTON PLACE, DUBLIN 2","","Dublin","€207,000.00","No","No","Second-Hand Dwelling house /Apartment",""
"10/01/2014","33 Seabrook, Brook Lane, Rush","","Dublin","€199,950.00","No","Yes","New Dwelling house /Apartment","greater than or equal to 38 sq metres and less than 125 sq metres"
"10/01/2014","379 NORTH CIRCULAR RD, PHIBSBORO, DUBLIN 7","","Dublin","€151,000.00","No","No","Second-Hand Dwelling house /Apartment",""
"10/01/2014","4 ST JOHNS RD, SANDYMOUNT, DUBLIN 4","","Dublin","€1,000,000.00","No","No","Second-Hand Dwelling house /Apartment",""
"10/01/2014","415 COLLINSWOOD, DUBLIN 9, DUBLIN","","Dublin","€297,000.00","No","No","Second-Hand Dwelling house /Apartment",""
"10/01/2014","46, WILLIAMS PLACE SOUTH, DUBLIN 8","","Dublin","€104,690.00","Yes","No","Second-Hand Dwelling house /Apartment",""
"10/01/2014","5 GRIFFEEN GLEN, LUCAN, COURTYARD","","Dublin","€185,000.00","No","No","Second-Hand Dwelling house /Apartment",""
"10/01/2014","5 PINETREE GROVE, KILNAMANAGH, DUBLIN 24","","Dublin","€163,000.00","No","No","Second-Hand Dwelling house /Apartment",""
"10/01/2014","6 BOTANIC HALL, ADDISON PARK, GLASNEVIN DUBLIN 11","","Dublin","€225,000.00","No","No","Second-Hand Dwelling house /Apartment",""
"10/01/2014","60 NEW ROW SQ, NEW ROW SOUTH, DUBLIN 8","Dublin 8","Dublin","€215,000.00","No","No","Second-Hand Dwelling house /Apartment",""
"10/01/2014","64 St Alban's Road, South Circular Road, Dublin","Dublin 8","Dublin","€410,000.00","No","No","Second-Hand Dwelling house /Apartment",""
"10/01/2014","66 LOWER DRUMCONDRA RD, DRUMCONDRA, DUBLIN 9","","Dublin","€310,000.00","No","No","Second-Hand Dwelling house /Apartment",""
"10/01/2014","7 BOYNE COURT, HAROLDS CROSS, DUBLIN 6W","","Dublin","€112,000.00","No","No","Second-Hand Dwelling house /Apartment",""
"10/01/2014","75 palmerstown Avenue, Palmerstown","Dublin 20","Dublin","€95,000.00","Yes","No","Second-Hand Dwelling house /Apartment",""
"10/01/2014","8 LAKELANDS AVE, STILLORGAN, DUBLIN","","Dublin","€440,000.00","No","No","Second-Hand Dwelling house /Apartment",""
"10/01/2014","80 BEAUMONT COURT, DUBLIN 9","","Dublin","€121,000.00","No","No","Second-Hand Dwelling house /Apartment",""
"10/01/2014","ANNMOUNT, ORWELL ROAD, RATHGAR","","Dublin","€680,000.00","No","No","Second-Hand Dwelling house /Apartment",""
"10/01/2014","APT 17, ST IVES, MALAHIDE","","Dublin","€195,000.00","No","No","Second-Hand Dwelling house /Apartment",""
"10/01/2014","APT 2 HOUSE 12, LINDEN SQ, GROVE AVE","","Dublin","€185,000.00","No","No","Second-Hand Dwelling house /Apartment",""
"10/01/2014","APT 83 THE PAVILION, MARINE RD, DUN LAOGHAIRE","","Dublin","€860,000.00","No","No","Second-Hand Dwelling house /Apartment",""
"10/01/2014","Little Ship Street, Dublin 8","Dublin 8","Dublin","€105,000.00","No","No","Second-Hand Dwelling house /Apartment",""
"10/01/2014","NEPTUNE HOUSE, TEMPLE CRESCENT, BLACKROCK","","Dublin","€1,100,000.00","No","No","Second-Hand Dwelling house /Apartment",""
"10/01/2014","No. 18 The Starlings, Shanaganagh Road, Shankill","","Dublin","€343,613.00","No","Yes","New Dwelling house /Apartment","greater than or equal to 38 sq metres and less than 125 sq metres"
"11/01/2014","HERBERT LANE MEWS, HERBERT LANE, REAR 66 LOWER BAGGOT ST DUBLIN 2","","Dublin","€400,000.00","No","No","Second-Hand Dwelling house /Apartment",""
"13/01/2014","'Avila', York Road, Dun Laoghaire","","Dublin","€600,000.00","No","No","Second-Hand Dwelling house /Apartment",""
"13/01/2014","10 ABERCORN RD, EAST WALL, DUBLIN","","Dublin","€55,000.00","No","No","Second-Hand Dwelling house /Apartment",""
"13/01/2014","107 FERNDALE AVE, FINGLAS EAST Glasnevin, DUBLIN 11","Dublin 11","Dublin","€160,000.00","No","No","Second-Hand Dwelling house /Apartment",""
"13/01/2014","110, BLACKHORSE GROVE, BLACKHORSE AVENUE DUBLIN 7","","Dublin","€74,240.00","Yes","No","Second-Hand Dwelling house /Apartment",""
"13/01/2014","14 ROSEHAVEN, CARPENTERSTOWN RD, CASTLEKNOCK DUBLIN 15","","Dublin","€165,000.00","No","No","Second-Hand Dwelling house /Apartment",""
"13/01/2014","20 BLACKWOOD CRESCENT, ONGAR CHASE, ONGAR DUBLIN 15","","Dublin","€80,000.00","No","No","Second-Hand Dwelling house /Apartment",""
"13/01/2014","203 ROCHESTOWN AVE, DUN LAOGHAIRE, DUBLIN","","Dublin","€438,000.00","No","No","Second-Hand Dwelling house /Apartment",""
"13/01/2014","22, STANNAWAY AVENUE, CRUMLIN DUBLIN 12","","Dublin","€80,240.00","Yes","No","Second-Hand Dwelling house /Apartment",""
"13/01/2014","23 MAPLEWOOD LAWN, SPRINGFIELD, TALLAGHT DUBLIN 24","","Dublin","€115,000.00","No","No","Second-Hand Dwelling house /Apartment",""
"13/01/2014","234 THE ISLAND, CHAPELIZOD, DUBLIN 20","","Dublin","€170,000.00","No","No","Second-Hand Dwelling house /Apartment",""
"13/01/2014","31 SHANOWEN CRESCENT, SANTRY, DUBLIN 9","","Dublin","€225,000.00","No","No","Second-Hand Dwelling house /Apartment",""
"13/01/2014","34 SHELMALIER RD, EAST WALL, DUBLIN 3","Dublin 3","Dublin","€171,000.00","No","No","Second-Hand Dwelling house /Apartment",""
"13/01/2014","35 PINEBROOK AVE, ARTANE, DUBLIN 5","Dublin 5","Dublin","€276,500.00","No","No","Second-Hand Dwelling house /Apartment",""
"13/01/2014","43, VALEVIEW GARDENS, FINGLAS DUBLIN 11","","Dublin","€41,690.00","Yes","No","Second-Hand Dwelling house /Apartment",""
"13/01/2014","53 PALMERSTON RD, RATHMINES, DUBLIN 6","","Dublin","€1,870,000.00","No","No","Second-Hand Dwelling house /Apartment",""
"13/01/2014","57 CASTLE GROVE, KILGOBBIN WOODS, SANDYFORD DUBLIN 18","","Dublin","€530,000.00","No","No","Second-Hand Dwelling house /Apartment",""
"13/01/2014","96 Rosepark, Balrothery, Balbriggan","","Dublin","€167,400.00","No","Yes","New Dwelling house /Apartment","greater than or equal to 38 sq metres and less than 125 sq metres"
"13/01/2014","APARTMENT 65, 20 CHRISTCHURCH PLACE, CHRISTCHURCH","","Dublin","€100,000.00","No","No","Second-Hand Dwelling house /Apartment",""
"13/01/2014","APT 32, GRACE PARK COURT, BEAUMONT RD DUBLIN 9","","Dublin","€106,000.00","No","No","Second-Hand Dwelling house /Apartment",""
"13/01/2014","APT 85, 20 CHRISTCHURCH PLACE, DUBLIN 8","","Dublin","€100,000.00","No","No","Second-Hand Dwelling house /Apartment",""
"13/01/2014","KILLOWEN, SHREWSBURY RD, BALLSBRIDGE","","Dublin","€4,500,000.00","No","No","Second-Hand Dwelling house /Apartment",""
"14/01/2014","11 HUNTERS HILL, HUNTERS WOOD, BALLYCULLEN DUBLIN 24","","Dublin","€235,000.00","No","No","Second-Hand Dwelling house /Apartment",""
"14/01/2014","114 KILIERAN RD, CABRA, DUBLIN 7","","Dublin","€65,140.00","Yes","No","Second-Hand Dwelling house /Apartment",""
"14/01/2014","12 SYCAMORE PARK, KINGSWOOD HEIGHTS, DUBLIN 24","","Dublin","€234,000.00","No","No","Second-Hand Dwelling house /Apartment",""
"14/01/2014","12, BALBUTCHER LANE, POPPINTREE BALLYMUN","","Dublin","€55,690.00","Yes","No","Second-Hand Dwelling house /Apartment",""
"14/01/2014","17 CHURCHVIEW APTS, CHURCH RD, DRUMCONDRA","","Dublin","€152,000.00","No","No","Second-Hand Dwelling house /Apartment",""
"14/01/2014","1SLADE CASTLE CLOSE NEWCASTLE, SAGGART, DUBLIN","Dublin 24","Dublin","€70,000.00","Yes","No","Second-Hand Dwelling house /Apartment",""
"14/01/2014","25 MONALOE AVE, CABINTEELY, DUBLIN 18","Dublin 18","Dublin","€602,000.00","No","No","Second-Hand Dwelling house /Apartment",""
"14/01/2014","3 BEVERTON GARDENS, DONABATE, DUBLIN","","Dublin","€210,000.00","No","No","Second-Hand Dwelling house /Apartment",""
"14/01/2014","33, SAINT MICHAELS TERRACE, BLACKPITTS DUBLIN 8","","Dublin","€51,490.00","Yes","No","Second-Hand Dwelling house /Apartment",""
"14/01/2014","36 CLONARD COURT, BALBRIGGAN, DUBLIN","","Dublin","€110,000.00","No","No","Second-Hand Dwelling house /Apartment",""
"14/01/2014","37 ST ANNES PARK, SHANKHILL, DUBLIN","","Dublin","€275,000.00","No","No","Second-Hand Dwelling house /Apartment",""
"14/01/2014","4 GLASNAMA PLACE, FINGLAS EAST, DUBLIN 14","","Dublin","€156,500.00","No","No","Second-Hand Dwelling house /Apartment",""
"14/01/2014","51 SWIFTBROOK DR, TALLAGHT, DUBLIN 24","Dublin 24","Dublin","€60,000.00","No","No","Second-Hand Dwelling house /Apartment",""
"14/01/2014","6 ST BRIGIDS COTTAGES, NORTH STRAND, DUBLIN 3","","Dublin","€67,141.04","Yes","No","Second-Hand Dwelling house /Apartment",""
"14/01/2014","63 EUGENE ST, OFF CORK ST, DUBLIN 8","","Dublin","€70,000.00","No","No","Second-Hand Dwelling house /Apartment",""
"14/01/2014","75 BEAUMONT AVE, CHURCH TOWN, DUBLIN 14","","Dublin","€262,500.00","No","No","Second-Hand Dwelling house /Apartment",""
"14/01/2014","80 THE PLAZA, BALLYMUN, DUBLIN 9","","Dublin","€63,000.00","No","No","Second-Hand Dwelling house /Apartment",""
"14/01/2014","9 LAMBAY VIEW, RUSH, DUBLIN","","Dublin","€225,000.00","No","No","Second-Hand Dwelling house /Apartment",""
"14/01/2014","APT 16, FOUR SEASONS, BALLSBRIDGE","","Dublin","€750,000.00","No","No","Second-Hand Dwelling house /Apartment",""
"14/01/2014","BASEMENT APT, 6 GARDINER PLACE, DUBLIN 1","Dublin 1","Dublin","€110,000.00","No","No","Second-Hand Dwelling house /Apartment",""
"14/01/2014","GLENASMOLE, TALLAGHT, DUBLIN","","Dublin","€215,000.00","No","No","Second-Hand Dwelling house /Apartment",""
"15/01/2014","10 HUNTSTOWN DR, DUBLIN 15, DUBLIN","","Dublin","€115,000.00","No","No","Second-Hand Dwelling house /Apartment",""
"15/01/2014","100 HOLYWELL WOOD, SWORDS, DUBLIN","","Dublin","€115,000.00","No","No","Second-Hand Dwelling house /Apartment",""
"15/01/2014","12 ROEBUCK COURT, CLONSKEAGH RD, CLONSKEAGH DUBLIN 6","","Dublin","€230,000.00","No","No","Second-Hand Dwelling house /Apartment",""
"15/01/2014","123A CORK ST, APT1 & 2, DUBLIN 8","Dublin 8","Dublin","€180,000.00","No","No","Second-Hand Dwelling house /Apartment",""
"15/01/2014","18 Rosedale, Tyrconnell Street, Inchicore","Dublin 8","Dublin","€107,500.00","No","No","Second-Hand Dwelling house /Apartment",""
"15/01/2014","184 CRUMLIN ROAD, CRUMLIN, DUBLIN 12","","Dublin","€85,000.00","No","No","Second-Hand Dwelling house /Apartment",""
"15/01/2014","189 SOUTH CIRCULAR ROAD, DUBLIN","","Dublin","€280,000.00","No","No","Second-Hand Dwelling house /Apartment",""
"15/01/2014","20 ROCK LODGE, KILLINEY, DUBLIN","","Dublin","€495,000.00","No","No","Second-Hand Dwelling house /Apartment",""
"15/01/2014","23 SPRANGERS YARD, CROW STREET, TEMPLEBAR","","Dublin","€187,000.00","No","No","Second-Hand Dwelling house /Apartment",""
"15/01/2014","24 PINEWOOD AVE, GLASNEVIN, DUBLIN 11","","Dublin","€137,500.00","No","No","Second-Hand Dwelling house /Apartment",""
"15/01/2014","25 ELM MOUNT RD, BEAUMONT, DUBLIN 9","","Dublin","€324,000.00","No","No","Second-Hand Dwelling house /Apartment",""
"15/01/2014","4 STATION RD, CLONDALKIN, DUBLIN 22","","Dublin","€137,500.00","No","No","Second-Hand Dwelling house /Apartment",""
"15/01/2014","41 CASTLEPARK RESIDENCE, CASTLEPARK ROAD, DALKEY","","Dublin","€375,000.00","No","Yes","New Dwelling house /Apartment","greater than or equal to 38 sq metres and less than 125 sq metres"
"15/01/2014","46A BUTTERFILED PARK, RATHFARNHAM, DUBLIN 14","","Dublin","€657,500.00","No","No","Second-Hand Dwelling house /Apartment",""
"15/01/2014","51 DONORE AVE, CIRCULAR RD SOUTH, DUBLIN 8","","Dublin","€273,000.00","No","No","Second-Hand Dwelling house /Apartment",""
"15/01/2014","78 LONGWOOD PARK, GRANGE RD, RATHFARNHAM DUBLIN 14","","Dublin","€412,500.00","No","No","Second-Hand Dwelling house /Apartment",""
"15/01/2014","8 WTERVILLE TERRACE, BLANCHARDSTOWN, DUBLIN 15","","Dublin","€116,500.00","No","No","Second-Hand Dwelling house /Apartment",""
"15/01/2014","9 Broadfield Lawns, Broadfield Manor, Rathcoole","","Dublin","€246,696.03","No","Yes","New Dwelling house /Apartment","greater than or equal to 38 sq metres and less than 125 sq metres"
"15/01/2014","9 GALLERY QUAY, GRAND CANAL, DUBLIN","","Dublin","€208,000.00","No","No","Second-Hand Dwelling house /Apartment",""
"16/01/2014","10 HOLYWELL MEADOW, SWORDS, DUBLIN","","Dublin","€166,000.00","No","No","Second-Hand Dwelling house /Apartment",""
"16/01/2014","114 SEAPARK, MOUNT PROSPECT AVE, CLONTARF DUBLIN 3","","Dublin","€175,000.00","No","No","Second-Hand Dwelling house /Apartment",""
"16/01/2014","142 CABRA RD, DUBLIN 7, DUBLIN","","Dublin","€285,000.00","No","No","Second-Hand Dwelling house /Apartment",""
"16/01/2014","143 THE ACADEMY BUILDING, PARKWEST POINTE, DUBLIN 12","","Dublin","€92,000.00","No","No","Second-Hand Dwelling house /Apartment",""
"16/01/2014","146 FINGLAS PARK, FINGLAS, DUBLIN 11","","Dublin","€155,000.00","No","No","Second-Hand Dwelling house /Apartment",""
"16/01/2014","17, KILDONAN DRIVE, FINGLAS WEST DUBLIN 11","","Dublin","€45,375.00","Yes","No","Second-Hand Dwelling house /Apartment",""
"16/01/2014","19 THE CRESCENT BUILDING, PARK WEST, DUBLIN 12","","Dublin","€163,000.00","No","No","Second-Hand Dwelling house /Apartment",""
"16/01/2014","2 CEDAR LODGE, FARMLEIGH AVE, FARMLEIGH WOODS","","Dublin","€345,000.00","No","No","Second-Hand Dwelling house /Apartment",""
"16/01/2014","2 MILLBOURNE AVE, DRUMCONDRA, DUBLIN 9","","Dublin","€184,500.00","No","No","Second-Hand Dwelling house /Apartment",""
"16/01/2014","2 STILLORGAN HEATH, UPPER KILMACUD RD, STILLORGAN","","Dublin","€635,000.00","No","No","Second-Hand Dwelling house /Apartment",""
"16/01/2014","2 THE MILL, WEAVERS SQ, DUBLIN 8","","Dublin","€170,000.00","No","No","Second-Hand Dwelling house /Apartment",""
"16/01/2014","23 LONGSLANDS, SWORDS, CO DUBLIN","","Dublin","€365,000.00","No","No","Second-Hand Dwelling house /Apartment",""
"16/01/2014","31 FOXBOROUGH WAY, LUCAN, DUBLIN","","Dublin","€189,500.00","No","No","Second-Hand Dwelling house /Apartment",""
"16/01/2014","47 REGINALD ST, DUBLIN 8, DUBLIN","","Dublin","€192,000.00","No","No","Second-Hand Dwelling house /Apartment",""
"16/01/2014","64 DOCK MILL, BARROW ST, DUBLIN 4","","Dublin","€395,000.00","No","No","Second-Hand Dwelling house /Apartment",""
"16/01/2014","6, MULROY ROAD, CABRA DUBLIN 7","","Dublin","€53,625.00","Yes","No","Second-Hand Dwelling house /Apartment",""
"16/01/2014","7 PEMBROKE PARK, DONNYBROOK, DUBLIN 4","","Dublin","€1,605,000.00","No","No","Second-Hand Dwelling house /Apartment",""
"16/01/2014","75, KIPPURE PARK, FINGLAS DUBLIN 11","","Dublin","€38,775.00","Yes","No","Second-Hand Dwelling house /Apartment",""
"16/01/2014","8 Black Street, Stoneybatter, Dublin 7","Dublin 7","Dublin","€130,000.00","No","No","Second-Hand Dwelling house /Apartment",""
"16/01/2014","80 KNOCKMAREE, ST LAURENCES RD, CHAPELIZOD RD DUBLIN 20","","Dublin","€160,000.00","No","No","Second-Hand Dwelling house /Apartment",""
"16/01/2014","85 CARRICKMOUNT AVENUE, CHURCHTOWN, DUBLIN 14","","Dublin","€58,675.00","No","No","Second-Hand Dwelling house /Apartment",""
"16/01/2014","9 BERKLEY HOUSE 23 25 PEMBROKE RD, DUBLIN 4, DUBLIN","","Dublin","€265,000.00","No","No","Second-Hand Dwelling house /Apartment",""
"16/01/2014","APARTMENT 4, 6 MOUNTJOY SQUARE, DUBLIN 1","","Dublin","€95,000.00","No","No","Second-Hand Dwelling house /Apartment",""
"16/01/2014","CHACELEY, CLAREMONT PINES, CARRICKMINES","","Dublin","€1,270,000.00","No","No","Second-Hand Dwelling house /Apartment",""
"16/01/2014","DUN FANOIR, OLD STILLORGAN ROAD, STILLORGAN","","Dublin","€310,000.00","No","No","Second-Hand Dwelling house /Apartment",""
"16/01/2014","PALYMYRA, WHITECHURCH RD, DUBLIN 16","","Dublin","€725,000.00","No","No","Second-Hand Dwelling house /Apartment",""
"16/01/2014","PARK RD, KENURE, RUSH","","Dublin","€280,000.00","No","No","Second-Hand Dwelling house /Apartment",""
"17/01/2014","'CARNA', 56A ROSEMOUNT EST, DUNDRUM","","Dublin","€330,000.00","No","No","Second-Hand Dwelling house /Apartment",""
"17/01/2014","1 WELLMOUNT COURT, FINGLAS WEST, DUBLIN 11","","Dublin","€94,000.00","No","No","Second-Hand Dwelling house /Apartment",""
"17/01/2014","10 Loftus Lane, Belmont, Atkins Village  Stepaside","","Dublin","€303,964.75","No","Yes","New Dwelling house /Apartment","greater than or equal to 38 sq metres and less than 125 sq metres"
"17/01/2014","10 WINDMILL PARK, CRUMLIN, DUBLIN 12","","Dublin","€155,000.00","No","No","Second-Hand Dwelling house /Apartment",""
"17/01/2014","11 Broadfield Lawns, Broadfield Manor, Rathcoole","","Dublin","€247,350.00","No","Yes","New Dwelling house /Apartment","greater than or equal to 38 sq metres and less than 125 sq metres"
"17/01/2014","11 KILLAKEE WALK, FIRHOUSE, DUBLIN 24","","Dublin","€210,000.00","No","No","Second-Hand Dwelling house /Apartment",""
"17/01/2014","110 HAMPTON WOOD AVE, HAMPTON WOOD, FINGLAS DUBLIN 11","","Dublin","€87,000.00","No","No","Second-Hand Dwelling house /Apartment",""
"17/01/2014","122 MEADOW MOUNT, CHURCHTOWN, DUBLIN 16","","Dublin","€511,000.00","No","No","Second-Hand Dwelling house /Apartment",""
"17/01/2014","14 GAINSBOROUGH AVE, MALAHIDE, DUBLIN","","Dublin","€425,000.00","No","No","Second-Hand Dwelling house /Apartment",""
"17/01/2014","14 GRAND CANAL COURT, RIALTO, DUBLIN 8","","Dublin","€160,000.00","No","No","Second-Hand Dwelling house /Apartment",""
"17/01/2014","144 Walsh Road, Drumcondra","Dublin 9","Dublin","€180,000.00","No","No","Second-Hand Dwelling house /Apartment",""
"17/01/2014","156 CHERRY ORCHARD AVE, BALLYFERMOT, DUBLIN 10","","Dublin","€118,000.00","No","No","Second-Hand Dwelling house /Apartment",""
"17/01/2014","163 BEECH PARK, LUCAN, DUBLIN","","Dublin","€335,000.00","No","No","Second-Hand Dwelling house /Apartment",""
"17/01/2014","17 Carrigmore Lawns, Fortunestown Lane, Saggart","","Dublin","€157,000.00","No","No","Second-Hand Dwelling house /Apartment",""
"17/01/2014","171, MOURNE ROAD, DRIMNAGH DUBLIN 12","","Dublin","€67,240.00","Yes","No","Second-Hand Dwelling house /Apartment",""
"17/01/2014","1A FERNLEIGH VALE, CASTLEKNOCK, DUBLIN 15","","Dublin","€115,000.00","No","No","Second-Hand Dwelling house /Apartment",""
"17/01/2014","2 ENGLEBERG COURT, MOUNTTOWN LOWER, DUN LAOGHAIRE","","Dublin","€230,000.00","No","No","Second-Hand Dwelling house /Apartment",""
"17/01/2014","20 ST LUKES CRESCENT, DUNDRUM RD, MILLTOWN DUBLIN 14","","Dublin","€290,000.00","No","No","Second-Hand Dwelling house /Apartment",""
"17/01/2014","22 ASHINGTON GROVE, NAVAN RD, DUBLIN 7","","Dublin","€280,000.00","No","No","Second-Hand Dwelling house /Apartment",""
"17/01/2014","23 ASHGROVE COURT, SANDYFORD RD, DUNDRUM DUBLIN 16","","Dublin","€120,000.00","Yes","No","Second-Hand Dwelling house /Apartment",""
"17/01/2014","26 CASTLEKNOCK GLADE, CASTLEKNOCK, DUBLIN 15","","Dublin","€427,000.00","No","No","Second-Hand Dwelling house /Apartment",""
"17/01/2014","26 CEIDE BHREANAINN, AN CHULOG, BAILE ÁTHA CLIATH 5","","Dublin","€377,500.00","No","No","Second-Hand Dwelling house /Apartment",""
"17/01/2014","29 THE BAWN, MALAHIDE, THE HILL","","Dublin","€270,000.00","No","No","Second-Hand Dwelling house /Apartment",""
"17/01/2014","3 GULISTAN PLACE, RATHMINES, DUBLIN 6","","Dublin","€314,000.00","No","No","Second-Hand Dwelling house /Apartment",""
"17/01/2014","30 HILLSBROOK AVE, PERRYSTOWN, DUBLIN 12","","Dublin","€395,000.00","No","No","Second-Hand Dwelling house /Apartment",""
"17/01/2014","30 SOMERTON, DONABATE, DUBLIN","","Dublin","€262,000.00","No","No","Second-Hand Dwelling house /Apartment",""
"17/01/2014","32 HARBOUR VIEW, ST LAURENCES RD, HOWTH","","Dublin","€355,000.00","No","No","Second-Hand Dwelling house /Apartment",""
"17/01/2014","33 Henley Park, Churchtown","Dublin 14","Dublin","€488,000.00","No","No","Second-Hand Dwelling house /Apartment",""
"17/01/2014","33 RAILWAY MEWS, DONAGHMEDE, DUBLIN 13","","Dublin","€225,000.00","No","No","Second-Hand Dwelling house /Apartment",""
"17/01/2014","36 LOWER RATHMINES ROAD, RATHMINES, DUBLIN 6","","Dublin","€560,000.00","No","No","Second-Hand Dwelling house /Apartment",""
"17/01/2014","4 HOLLYWOOD PARK, GOATSTOWN, DUBLIN 14","","Dublin","€700,000.00","No","No","Second-Hand Dwelling house /Apartment",""
"17/01/2014","40 JOHN ST SOUTH, PIMLICO, DUBLIN 8","","Dublin","€165,000.00","No","No","Second-Hand Dwelling house /Apartment",""
"17/01/2014","41 WOODSTOWN HEIGHTS, KNOCKLYON, DUBLIN 16","","Dublin","€350,000.00","No","No","Second-Hand Dwelling house /Apartment",""
"17/01/2014","43 GLEANN RIBH, LUSK, DUBLIN","","Dublin","€170,000.00","No","No","Second-Hand Dwelling house /Apartment",""
"17/01/2014","56 College Square, Wainsfort Manor Drive, Terenure","","Dublin","€525,932.00","No","Yes","New Dwelling house /Apartment","greater than 125 sq metres"
"17/01/2014","56D GRIFFITH HALL, GLANDORE ROAD, DUBLIN 9","","Dublin","€157,000.00","No","No","Second-Hand Dwelling house /Apartment",""
"17/01/2014","67 DEVENISH RD, KIMMAGE, DUBLIN 12","","Dublin","€128,000.00","No","No","Second-Hand Dwelling house /Apartment",""
"17/01/2014","7 Curragh Hall Green, Tyrrelstown, Dublin 15","","Dublin","€155,000.00","No","No","Second-Hand Dwelling house /Apartment",""
"17/01/2014","APARTMENT 1, 300 HAROLD'S CROSS ROAD, HAROLDS CROSS","Dublin 6","Dublin","€158,333.00","No","No","Second-Hand Dwelling house /Apartment",""
"17/01/2014","APARTMENT 2, 300 HAROLDS CROSS ROAD, HAROLDS CROSS","","Dublin","€158,333.00","No","No","Second-Hand Dwelling house /Apartment",""
"17/01/2014","APARTMENT 3, 300 HAROLDS CROSS ROAD, HAROLDS CROSS","","Dublin","€158,333.00","No","No","Second-Hand Dwelling house /Apartment",""
"17/01/2014","APT 55, DOCK MILL, BARROW ST DUBLIN 4","","Dublin","€328,500.00","No","No","Second-Hand Dwelling house /Apartment",""
"17/01/2014","APT 73 RUSSEL HOUSE, 33 MOUNTJOY SQ, DUBLIN 1","","Dublin","€160,000.00","No","No","Second-Hand Dwelling house /Apartment",""
"17/01/2014","Apt. 10 Harcourt Hall, Charlotte Quay","Dublin 2","Dublin","€163,500.00","No","No","Second-Hand Dwelling house /Apartment",""
"17/01/2014","Apt. 7 The Ailsbury, Donnybrook Castle, Dublin 4","Dublin 4","Dublin","€295,000.00","No","No","Second-Hand Dwelling house /Apartment",""
"17/01/2014","Fernlea, Barnhill Road, Dalkey","","Dublin","€700,000.00","No","No","Second-Hand Dwelling house /Apartment",""
"20/01/2014","114 HAMPTON WOOD RD, ST MARGARETS, DUBLIN 11","","Dublin","€15,000.00","Yes","No","Second-Hand Dwelling house /Apartment",""
"20/01/2014","13 FERNLEIGH CRESCENT, CASTLEKNOCK, DUBLIN 15","","Dublin","€168,000.00","No","No","Second-Hand Dwelling house /Apartment",""
"20/01/2014","14 MERCHANT SQ, EASTWALL, DUBLIN 3","","Dublin","€158,000.00","No","No","Second-Hand Dwelling house /Apartment",""
"20/01/2014","170 PHILIPSBURGH AVE, FAIRVIEW, DUBLIN 3","","Dublin","€492,000.00","No","No","Second-Hand Dwelling house /Apartment",""
"20/01/2014","2 AVON LODGE, THE PLAZA, MAIN ST DUBLIN 15","","Dublin","€140,000.00","No","No","Second-Hand Dwelling house /Apartment",""
"20/01/2014","2 CLARINDA MANOR, CLARINDA PARK EAST, DUN LAOGHAIRE","","Dublin","€300,000.00","No","No","Second-Hand Dwelling house /Apartment",""
"20/01/2014","23 BOYD HOUSE, MYRTLE AVE, THE COAST DUBLIN 13","","Dublin","€213,000.00","No","No","Second-Hand Dwelling house /Apartment",""
"20/01/2014","27 The Croft, Parc Na Silla, Loughlinstown","","Dublin","€119,383.25","No","Yes","New Dwelling house /Apartment","less than 38 sq metres"
"20/01/2014","281 RATOATH RD, CABRA, DUBLIN 7","","Dublin","€201,000.00","No","No","Second-Hand Dwelling house /Apartment",""
"20/01/2014","3 QUAY ST, SKERRIES, DUBLIN","","Dublin","€460,000.00","No","No","Second-Hand Dwelling house /Apartment",""
"20/01/2014","32 BLOCK B, WESTEND GATE, TALLAGHT","","Dublin","€104,000.00","No","No","Second-Hand Dwelling house /Apartment",""
"20/01/2014","34 PARKVIEW GREEN, JAMESTOWN RD, DUBLIN 11","","Dublin","€75,000.00","No","No","Second-Hand Dwelling house /Apartment",""
"20/01/2014","34 Seabrook, Brook Lane, Rush","","Dublin","€176,167.00","No","Yes","New Dwelling house /Apartment","greater than or equal to 38 sq metres and less than 125 sq metres"
"20/01/2014","4 Cromcastle Green, Kilmore West, Coolock","Dublin 5","Dublin","€135,000.00","No","No","Second-Hand Dwelling house /Apartment",""
"20/01/2014","43 WALSH RD, DRUMCONDRA, DUBLIN 9","","Dublin","€245,000.00","No","No","Second-Hand Dwelling house /Apartment",""
"20/01/2014","48 HOLYWELL AVE, KINSEALY, DUBLIN","","Dublin","€115,000.00","No","No","Second-Hand Dwelling house /Apartment",""
"20/01/2014","58 CLONARD STREET, BALLBRIGGAN CO DUBLIN","","Dublin","€72,000.00","No","No","Second-Hand Dwelling house /Apartment",""
"20/01/2014","59 CONOR CLUNE RD, NAVAN RD, DUBLIN 7","","Dublin","€220,000.00","No","No","Second-Hand Dwelling house /Apartment",""
"20/01/2014","60, SHANGAN GARDENS, BALLYMUN DUBLIN 9","","Dublin","€50,440.00","Yes","No","Second-Hand Dwelling house /Apartment",""
"20/01/2014","62 ELLENSBOUGH LODGE, KILTIPPER RD, TALLAGHT DUBLIN 24","","Dublin","€150,000.00","No","No","Second-Hand Dwelling house /Apartment",""
"20/01/2014","73 WESTBOURNE LODGE, TEMPLEOGUE, DUBLIN 16","","Dublin","€337,000.00","No","No","Second-Hand Dwelling house /Apartment",""
"20/01/2014","78A VERNON AVE, CLONTARF, DUBLIN","","Dublin","€690,000.00","No","No","Second-Hand Dwelling house /Apartment",""
"20/01/2014","85 GRATTAN LODGE, THE HOLE IN THE WALL RD, DONAGHMEDE DUBLIN 13","","Dublin","€300,000.00","No","No","Second-Hand Dwelling house /Apartment",""
"20/01/2014","APT 10, BRIDGE COURT, LOWER MOUNT ST DUBLIN 2","","Dublin","€300,000.00","No","No","Second-Hand Dwelling house /Apartment",""
"20/01/2014","APT 1, 21-22 LOWER DORSET STREET, DUBLIN 1","","Dublin","€137,000.00","No","No","Second-Hand Dwelling house /Apartment",""
"20/01/2014","MANDERLY, 25 NEWBRIDGE AVE, SANDYMOUNT DUBLIN 4","","Dublin","€815,000.00","No","No","Second-Hand Dwelling house /Apartment",""
"20/01/2014","Sunnyside, Main Street, Rush","","Dublin","€145,000.00","No","No","Second-Hand Dwelling house /Apartment",""
"21/01/2014","1 DURHAM RD, SANDYMOUNT, DUBLIN","","Dublin","€700,000.00","No","No","Second-Hand Dwelling house /Apartment",""
"21/01/2014","1 ST BRENDANS TERRACE, DUNLAOIRE, DUBLIN","","Dublin","€190,000.00","No","No","Second-Hand Dwelling house /Apartment",""
"21/01/2014","109 Venetian Hall, Howth Road, Killester","Dublin 5","Dublin","€145,000.00","No","No","Second-Hand Dwelling house /Apartment",""
"21/01/2014","13 RATHMORE AVE, STILLORGAN, DUBLIN","","Dublin","€391,000.00","No","No","Second-Hand Dwelling house /Apartment",""
"21/01/2014","15 the village, stepaside, co dublin","","Dublin","€147,000.00","No","Yes","New Dwelling house /Apartment","greater than or equal to 38 sq metres and less than 125 sq metres"
"21/01/2014","172 LE FANU RD, DUBLIN 10, DUBLIN","","Dublin","€125,000.00","No","No","Second-Hand Dwelling house /Apartment",""
"21/01/2014","18 COWPER RD, RATHMINES, DUBLIN 6","","Dublin","€820,000.00","No","No","Second-Hand Dwelling house /Apartment",""
"21/01/2014","1A Spiddel Park, Ballyfermot","Dublin 10","Dublin","€100,000.00","No","Yes","New Dwelling house /Apartment","greater than or equal to 38 sq metres and less than 125 sq metres"
"21/01/2014","2 BARLEY HILL, BALLYBOUGHAL, DUBLIN","","Dublin","€400,000.00","No","No","Second-Hand Dwelling house /Apartment",""
"21/01/2014","202 KILDARE RD, CRUMLIN, DUBLIN 12","","Dublin","€117,000.00","No","No","Second-Hand Dwelling house /Apartment",""
"21/01/2014","22 DUNSINK AVE FINGLAS WEST, FINGLAS WEST DUBLIN 11, DUBLIN","","Dublin","€121,500.00","No","No","Second-Hand Dwelling house /Apartment",""
"21/01/2014","294 ARDMORE DR, ARTANE, DUBLIN 5","","Dublin","€245,000.00","No","No","Second-Hand Dwelling house /Apartment",""
"21/01/2014","3 THE GATEWAY, BALLYMUN, DUBLIN 9","","Dublin","€90,000.00","No","No","Second-Hand Dwelling house /Apartment",""
"21/01/2014","31 DANESWELL RD, GLASNEVIN, DUBLIN 9","","Dublin","€320,000.00","No","No","Second-Hand Dwelling house /Apartment",""
"21/01/2014","31 WATSON AVE, KILLINEY, DUBLIN","","Dublin","€417,500.00","No","No","Second-Hand Dwelling house /Apartment",""
"21/01/2014","39 THE GATEWAY, BALLYMUN, DUBLIN 9","","Dublin","€90,000.00","No","No","Second-Hand Dwelling house /Apartment",""
"21/01/2014","4 Seamount Abbey, Malahide, Co. Dublin","","Dublin","€706,290.00","No","Yes","New Dwelling house /Apartment","greater than 125 sq metres"
"21/01/2014","47 ADDISON AVENUE, GLASNEVIN, DUBLIN 9","","Dublin","€200,000.00","No","No","Second-Hand Dwelling house /Apartment",""
"21/01/2014","59 CLEARSTREAM COURT, MCKEE AVE, FINGLAS DUBLIN 11","","Dublin","€111,500.00","No","No","Second-Hand Dwelling house /Apartment",""
"21/01/2014","6 BEAUVALE PARK, ARTANE, DUBLIN 5","","Dublin","€245,000.00","No","No","Second-Hand Dwelling house /Apartment",""
"21/01/2014","6 MAXWELL ST, DUBLIN 8, DUBLIN","","Dublin","€97,050.00","No","No","Second-Hand Dwelling house /Apartment",""
"21/01/2014","713 VIRGINIA HEIGHTS, SPRINGFIELD, TALLAGHT","","Dublin","€130,000.00","No","No","Second-Hand Dwelling house /Apartment",""
"21/01/2014","79B Spiddal Road, Ballyfermot","Dublin 10","Dublin","€140,000.00","No","Yes","New Dwelling house /Apartment","greater than or equal to 38 sq metres and less than 125 sq metres"
"21/01/2014","8 HIGHFIELD GREEN, SWORDS, DUBLIN","","Dublin","€385,000.00","No","No","Second-Hand Dwelling house /Apartment",""
"21/01/2014","9 GLANDORE RD, DRUMCONDRA, DUBLIN 9","","Dublin","€565,000.00","No","No","Second-Hand Dwelling house /Apartment",""
"21/01/2014","9 THE GATEWAY, BALLYMUN, DUBLIN 9","","Dublin","€90,000.00","No","No","Second-Hand Dwelling house /Apartment",""
"21/01/2014","APT 169, HARCOURT GREEN, CHARLEMONT ST","","Dublin","€265,000.00","No","No","Second-Hand Dwelling house /Apartment",""
"21/01/2014","Harrow House, Balure Lane, Killiney","","Dublin","€1,700,000.00","No","No","Second-Hand Dwelling house /Apartment",""
"21/01/2014","STILLWATER HOUSE, 59 HAINAULT RD, FOXROCK DUBLIN 18","","Dublin","€1,310,000.00","No","No","Second-Hand Dwelling house /Apartment",""
"22/01/2014","10 MARIAN CRESCENT, RATHFARNHAM, DUBLIN 14","","Dublin","€376,000.00","No","No","Second-Hand Dwelling house /Apartment",""
"22/01/2014","12 ARMSTRONG ST, HAROLDS CROSS, DUBLIN 6","","Dublin","€135,000.00","No","No","Second-Hand Dwelling house /Apartment",""
"22/01/2014","12 RAGLAN HOUSE, BALLSBRIDGE COURT, SERPENTINE AVE DUBLIN 4","","Dublin","€215,000.00","No","No","Second-Hand Dwelling house /Apartment",""
"22/01/2014","121 BENMADIGAN RD, DRIMNAGH, DUBLIN 12","","Dublin","€160,000.00","No","No","Second-Hand Dwelling house /Apartment",""
"22/01/2014","15 DUN EMER RISE, LUSK, DUBLIN","","Dublin","€110,000.00","No","No","Second-Hand Dwelling house /Apartment",""
"22/01/2014","19 Albert Place East, Off Grand Canal Street, Dublin 2","Dublin 2","Dublin","€570,000.00","No","No","Second-Hand Dwelling house /Apartment",""
"22/01/2014","19 SPENCER VILLAS, GLENAGEARY, CO. DUBLIN","","Dublin","€680,000.00","No","No","Second-Hand Dwelling house /Apartment",""
"22/01/2014","20 HUNTSTOWN RD, DUBLIN 15, DUBLIN","","Dublin","€127,000.00","No","No","Second-Hand Dwelling house /Apartment",""
"22/01/2014","23 ST ANNES TERRACE, RAHENY, DUBLIN 5","","Dublin","€362,000.00","No","No","Second-Hand Dwelling house /Apartment",""
"22/01/2014","25 CHARNWOOD GROVE, CLONSILLA, DUBLIN 15","","Dublin","€238,000.00","No","No","Second-Hand Dwelling house /Apartment",""
"22/01/2014","3 ENNISKERRY RD, PHIBSBOROUGH, DUBLIN 7","","Dublin","€255,000.00","No","No","Second-Hand Dwelling house /Apartment",""
"22/01/2014","30 CHARLESTON ROAD, RANELAGH, DUBLIN 6","","Dublin","€1,000,000.00","No","No","Second-Hand Dwelling house /Apartment",""
"22/01/2014","32 FOXBOROUGH DR, LUCAN, DUBLIN","","Dublin","€181,000.00","No","No","Second-Hand Dwelling house /Apartment",""
"22/01/2014","32 Oscar Square, South Circular Road","Dublin 8","Dublin","€236,150.00","No","No","Second-Hand Dwelling house /Apartment",""
"22/01/2014","349 Clogher Road, Crumlin, Dublin 12","Dublin 12","Dublin","€210,000.00","No","No","Second-Hand Dwelling house /Apartment",""
"22/01/2014","35 KINGSWOOD VIEW, TALLAGHT, DUBLIN 24","","Dublin","€205,000.00","No","No","Second-Hand Dwelling house /Apartment",""
"22/01/2014","35 RAILWAY RD, CLONGRIFFIN, DUBLIN 13","","Dublin","€222,000.00","No","No","Second-Hand Dwelling house /Apartment",""
"22/01/2014","48 CHERRYWOOD VILLAS, CLONDALKIN, DUBLIN 22","","Dublin","€140,000.00","No","No","Second-Hand Dwelling house /Apartment",""
"22/01/2014","48 KIPPURE PARK, FINGLAS SOUTH, DUBLIN 11","","Dublin","€86,000.00","No","No","Second-Hand Dwelling house /Apartment",""
"22/01/2014","54 SMITHFIELD GATE, RED COW LANE, DUBLIN 7","","Dublin","€190,000.00","No","No","Second-Hand Dwelling house /Apartment",""
"22/01/2014","57 KNOCKMAREE, ST LAURENCES RD, CHAPELIZOD DUBLIN 20","","Dublin","€169,000.00","No","No","Second-Hand Dwelling house /Apartment",""
"22/01/2014","6 SPENCER ST NORTH, STRAND, DUBLIN 3","","Dublin","€130,000.00","No","No","Second-Hand Dwelling house /Apartment",""
"22/01/2014","6 ST KEVINS PARADE, SOUTH CIRCULAR ROAD, DUBLIN 8","","Dublin","€331,000.00","No","No","Second-Hand Dwelling house /Apartment",""
"22/01/2014","8 FINNSPARK, FINNSTOWN, LUCAN","","Dublin","€225,000.00","No","No","Second-Hand Dwelling house /Apartment",""
"22/01/2014","9 GALLERY QUAY, GRAND CANAL, DUBLIN","","Dublin","€333,000.00","No","No","Second-Hand Dwelling house /Apartment",""
"22/01/2014","9 IMAAL RD, DUBLIN 7, DUBLIN","","Dublin","€182,000.00","No","No","Second-Hand Dwelling house /Apartment",""
"22/01/2014","96 TONLEGEE RD, RAHENY, DUBLIN 5","","Dublin","€260,000.00","No","No","Second-Hand Dwelling house /Apartment",""
"22/01/2014","Apartment 14 Newman Block, The Court  Station Road, Killiney","","Dublin","€625,000.00","No","No","Second-Hand Dwelling house /Apartment",""
"22/01/2014","APARTMENT 20, CANNON COURT, BRIDE STREET","","Dublin","€79,939.00","No","No","Second-Hand Dwelling house /Apartment",""
"22/01/2014","APT 237, BACHELORS WALK, DUBLIN 1","","Dublin","€110,000.00","No","No","Second-Hand Dwelling house /Apartment",""
"22/01/2014","CAPRI, ARD MHUIRE PARK, DALKEY","","Dublin","€910,000.00","No","No","Second-Hand Dwelling house /Apartment",""
"22/01/2014","CHELMSFORD LODGE, CHELMSFORD LANE, RANELAGH","","Dublin","€345,000.00","No","No","Second-Hand Dwelling house /Apartment",""
"22/01/2014","MOYLE, SANDYFORD RD, SANDYFORD","","Dublin","€375,000.00","No","No","Second-Hand Dwelling house /Apartment",""
"23/01/2014","11 CLIFTON COURT, TIVOLI TERRACE SOUTH, DUN LAOGHAIRE","","Dublin","€242,500.00","No","No","Second-Hand Dwelling house /Apartment",""
"23/01/2014","12 MOUNT ROCHFORD DR, BALBRIGGAN, DUBLIN","","Dublin","€165,000.00","No","No","Second-Hand Dwelling house /Apartment",""
"23/01/2014","13 COOLATREE PARK, BEAUMONT, DUBLIN 9","","Dublin","€228,500.00","No","No","Second-Hand Dwelling house /Apartment",""
"23/01/2014","13 Westown Avenue, The Naul","","Dublin","€167,753.30","No","Yes","New Dwelling house /Apartment","greater than or equal to 38 sq metres and less than 125 sq metres"
"23/01/2014","16 The Grange, Ballyboughal, County Dublin","","Dublin","€290,308.00","No","Yes","New Dwelling house /Apartment","greater than or equal to 38 sq metres and less than 125 sq metres"
"23/01/2014","19 MOUNT ANDREW COURT, LUCAN, DUBLIN","","Dublin","€180,000.00","No","No","Second-Hand Dwelling house /Apartment",""
"23/01/2014","23 DALE VIEW ROAD, SWORDS, CO DUBLIN","","Dublin","€310,000.00","No","No","Second-Hand Dwelling house /Apartment",""
"23/01/2014","23 The Grove Hanstead, Newcastle Road, Lucan","","Dublin","€133,920.00","No","Yes","New Dwelling house /Apartment","greater than or equal to 38 sq metres and less than 125 sq metres"
"23/01/2014","23 WOODBERRY, CARPENTERSTOWN, CASTLEKNOCK","","Dublin","€670,000.00","No","No","Second-Hand Dwelling house /Apartment",""
"23/01/2014","26 CABINTEELY AVE, DUBLIN 18, DUBLIN","","Dublin","€363,000.00","No","No","Second-Hand Dwelling house /Apartment",""
"23/01/2014","26 CHERRY LODGE, FARMILEIGH WOODS, CASTLEKNOCK DUBLIN 15","","Dublin","€310,000.00","No","No","Second-Hand Dwelling house /Apartment",""
"23/01/2014","34 Cedar Grove  The Cedars, Ridgewood  Forrest Road, Swords","","Dublin","€206,608.00","No","Yes","New Dwelling house /Apartment","greater than or equal to 38 sq metres and less than 125 sq metres"
"23/01/2014","34 WILLSBROOK CRESCENT, LUCAN, CO. DUBLIN","","Dublin","€193,000.00","No","No","Second-Hand Dwelling house /Apartment",""
"23/01/2014","35 The Oval, Tullyvale, Cabinteely","Dublin 18","Dublin","€160,000.00","No","No","Second-Hand Dwelling house /Apartment",""
"23/01/2014","37 SMITHFIELD GATE, NORTH KING ST, DUBLIN 7","","Dublin","€145,000.00","No","No","Second-Hand Dwelling house /Apartment",""
"23/01/2014","52 Lansdowne Park, Ballsbridge","Dublin 4","Dublin","€520,000.00","No","No","Second-Hand Dwelling house /Apartment",""
"23/01/2014","6 The Orchard, Grove House, Milltown","Dublin 6","Dublin","€395,000.00","No","No","Second-Hand Dwelling house /Apartment",""
"23/01/2014","7 Broadfield Lawns, Broadfield Manor, Rathcoole","","Dublin","€246,696.00","No","Yes","New Dwelling house /Apartment","greater than or equal to 38 sq metres and less than 125 sq metres"
"23/01/2014","95 LAKELANDS CLOSE, BLACKROCK, DUBLIN","","Dublin","€290,000.00","Yes","No","Second-Hand Dwelling house /Apartment",""
"23/01/2014","APT 15, HARCOURT MEWS, 40 CAMDEN ST DUBLIN 2","","Dublin","€205,000.00","No","No","Second-Hand Dwelling house /Apartment",""
"23/01/2014","APT 232, COWPER DOWNS, COWPER RD DUBLIN 6","","Dublin","€276,000.00","No","No","Second-Hand Dwelling house /Apartment",""
"23/01/2014","Apt 39 The Strand, 149 North Strand Road, Dublin","","Dublin","€105,000.00","No","Yes","New Dwelling house /Apartment","greater than or equal to 38 sq metres and less than 125 sq metres"
"23/01/2014","Apt 60 Pakenham House, Spencer Dock, North Wall Quay","Dublin 1","Dublin","€285,000.00","No","No","Second-Hand Dwelling house /Apartment",""
"23/01/2014","BELGRAVE HOUSE, 41 BELGRAVE SQ, MONKSTOWN","","Dublin","€1,915,000.00","No","No","Second-Hand Dwelling house /Apartment",""
"23/01/2014","CEOL NA DUIN, 4 SOUTH SHORE RD, RUSH","","Dublin","€130,000.00","No","No","Second-Hand Dwelling house /Apartment",""
"23/01/2014","HAAST LODGE, 1B THE COURTYARD, ISLINGTON AVE","","Dublin","€445,000.00","No","No","Second-Hand Dwelling house /Apartment",""
"23/01/2014","No. 8 The Forge View, The Forge, Lusk Village","","Dublin","€185,023.00","No","Yes","New Dwelling house /Apartment","greater than or equal to 38 sq metres and less than 125 sq metres"
"23/01/2014","ONE MOYLARAGH AVE, BALBRIGGAN, DUBLIN","","Dublin","€150,000.00","No","No","Second-Hand Dwelling house /Apartment",""
"23/01/2014","ST JUDES, MAIN STREET, RATHCOOLE","","Dublin","€100,000.00","No","No","Second-Hand Dwelling house /Apartment",""
"24/01/2014","10 MAPLE CLOSE, CASTLEKNOCK, DUBLIN 15","Dublin 15","Dublin","€392,000.00","No","No","Second-Hand Dwelling house /Apartment",""
"24/01/2014","10 THE WILLOWS, MONKSTOWN VALLEY, DUBLIN","","Dublin","€160,000.00","No","No","Second-Hand Dwelling house /Apartment",""
"24/01/2014","12 THE CRESCENT, SKERRIES ROCK, Skerries","","Dublin","€193,000.00","No","No","Second-Hand Dwelling house /Apartment",""
"24/01/2014","13 Coppinger Walk, Blackrock, Co Dublin","","Dublin","€345,000.00","No","No","Second-Hand Dwelling house /Apartment",""
"24/01/2014","13 Luttrellstown Court, Castleknock","Dublin 15","Dublin","€395,000.00","No","No","Second-Hand Dwelling house /Apartment",""
"24/01/2014","153 BALLYGALL PARADE, FINGLAS, DUBLIN 11","","Dublin","€112,500.00","No","No","Second-Hand Dwelling house /Apartment",""
"24/01/2014","156 BRIAR WALK, PORTMARNOCK, DUBLIN","","Dublin","€455,000.00","No","No","Second-Hand Dwelling house /Apartment",""
"24/01/2014","16 CASTLEGATE GREEN, ADAMSTOWN, LUCAN","","Dublin","€191,000.00","No","No","Second-Hand Dwelling house /Apartment",""
"24/01/2014","17 RUSHBROOK RD, TEMPLEOGUE, DUBLIN 6W","","Dublin","€337,000.00","No","No","Second-Hand Dwelling house /Apartment",""
"24/01/2014","18 WOODSTOWN MEADOW, KNOCKLYON, DUBLIN 16","","Dublin","€347,000.00","No","No","Second-Hand Dwelling house /Apartment",""
"24/01/2014","2 LARKFIELD WAY, LUCAN, DUBLIN","","Dublin","€435,000.00","No","No","Second-Hand Dwelling house /Apartment",""
"24/01/2014","23 TURRET RD, PALMERSTOWN, DUBLIN 20","","Dublin","€190,000.00","No","No","Second-Hand Dwelling house /Apartment",""
"24/01/2014","24 BLOCK B, CAMERON COURT, CORK STREET  DUBLIN 8","","Dublin","€93,392.00","No","Yes","New Dwelling house /Apartment","less than 38 sq metres"
"24/01/2014","25 NEWLANDS MANOR GREEN, GREEN ISLE, CLONDALKIN DUBLIN 22","","Dublin","€240,000.00","No","No","Second-Hand Dwelling house /Apartment",""
"24/01/2014","25 RIVERSIDE DR, RATHFARNHAM, DUBLIN 14","","Dublin","€665,000.00","No","No","Second-Hand Dwelling house /Apartment",""
"24/01/2014","265 LORETO ABBEY, GRANGE RD, RATHFARNHAM DUBLIN 14","","Dublin","€225,000.00","No","No","Second-Hand Dwelling house /Apartment",""
"24/01/2014","27 CHURCH WALK, RIVERSTON ABBEY, NAVAN RD DUBLIN 7","","Dublin","€312,000.00","No","No","Second-Hand Dwelling house /Apartment",""
"24/01/2014","29 Corrib Road, Terenure","Dublin 6w","Dublin","€400,000.00","No","No","Second-Hand Dwelling house /Apartment",""
"24/01/2014","3 MOUNT EUSTACE GROVE, TYRRELSTOWN DUBLIN 15, DUBLIN","","Dublin","€154,000.00","No","No","Second-Hand Dwelling house /Apartment",""
"24/01/2014","30 CARNLOUGH RD, CABRA, DUBLIN 7","","Dublin","€150,000.00","No","No","Second-Hand Dwelling house /Apartment",""
"24/01/2014","35 MAYESTON RISE, MAYESTON HALL, FINGLAS DUBLIN 11","","Dublin","€140,000.00","No","No","Second-Hand Dwelling house /Apartment",""
"24/01/2014","37  The Courtyard, College Drive  Fortfield, Square  Terenure  D6W","Dublin 6w","Dublin","€343,612.33","No","Yes","New Dwelling house /Apartment","greater than or equal to 38 sq metres and less than 125 sq metres"
"24/01/2014","37 Lanesborough Gardens, Finglas, Dublin 11","Dublin 11","Dublin","€200,000.00","No","No","Second-Hand Dwelling house /Apartment",""
"24/01/2014","4 TEMPLE LAWNS, NORTHWOOD, SANTRY DUBLIN 9","","Dublin","€151,000.00","No","No","Second-Hand Dwelling house /Apartment",""
"24/01/2014","40 ROSEMOUNT PARK, DUNDRUM, DUBLIN 14","","Dublin","€342,000.00","No","No","Second-Hand Dwelling house /Apartment",""
"24/01/2014","40A HAMPTON PK, ST HELENS WOOD, BOOTERSTOWN DUBLIN","","Dublin","€610,000.00","No","No","Second-Hand Dwelling house /Apartment",""
"24/01/2014","44 BEACH VIEW, SUTTON, DUBLIN 13","","Dublin","€554,000.00","No","No","Second-Hand Dwelling house /Apartment",""
"24/01/2014","44 DERRYDRIVE, CRUMIN, DUBLIN 12","","Dublin","€137,500.00","No","No","Second-Hand Dwelling house /Apartment",""
"24/01/2014","5 WANFORD CLOSE, KILLINEY, DUBLIN","","Dublin","€480,000.00","No","No","Second-Hand Dwelling house /Apartment",""
"24/01/2014","52 ELLENSBOROUGH RISE, KILTIPPER RD, TALLAGHT DUBLIN 24","","Dublin","€212,000.00","No","No","Second-Hand Dwelling house /Apartment",""
"24/01/2014","58 GANDON HALL, LOWER GARDINER STREET, DUBLIN 1","","Dublin","€100,000.00","No","No","Second-Hand Dwelling house /Apartment",""
"24/01/2014","7 CNOC DUBH, BALLYBOUGHAL, DUBLIN","","Dublin","€130,000.00","No","No","Second-Hand Dwelling house /Apartment",""
"24/01/2014","72 Meadowbank, Rathgar","Dublin 6","Dublin","€410,000.00","No","No","Second-Hand Dwelling house /Apartment",""
"24/01/2014","72 merrion grove, stillorgan road, county dublin","","Dublin","€195,000.00","No","No","Second-Hand Dwelling house /Apartment",""
"24/01/2014","78 SEAFIELD RD EAST, CLONTARF, DUBLIN 3","","Dublin","€1,200,000.00","No","No","Second-Hand Dwelling house /Apartment",""
"24/01/2014","81 HAMPTON COURT, VERNON AVE, DUBLIN 3","","Dublin","€575,000.00","No","No","Second-Hand Dwelling house /Apartment",""
"24/01/2014","83 CLAREMONT COURT, GLASNEVIN, DUBLIN 11","","Dublin","€175,000.00","No","No","Second-Hand Dwelling house /Apartment",""
"24/01/2014","83 THORNFIELD SQUARE, CLONDALKIN, DUBLIN 22","Dublin 22","Dublin","€80,000.00","No","No","Second-Hand Dwelling house /Apartment",""
"24/01/2014","9 BEECHFIELD CLOSE, CLONEE, DUBLIN 15","","Dublin","€131,000.00","No","No","Second-Hand Dwelling house /Apartment",""
"24/01/2014","9 CHELMSFORD RD, RANELAGH, DUBLIN 6","","Dublin","€597,500.00","No","No","Second-Hand Dwelling house /Apartment",""
"24/01/2014","APT 14 BLOCK D, CEDAR SQ, RIDGEWOOD","","Dublin","€157,000.00","No","No","Second-Hand Dwelling house /Apartment",""
"24/01/2014","APT 19, ST IVES, MALAHIDE","","Dublin","€213,000.00","No","No","Second-Hand Dwelling house /Apartment",""
"24/01/2014","APT 37 THE PAVILION, MARINE RD, DUNLAOGHIRE","","Dublin","€280,000.00","No","No","Second-Hand Dwelling house /Apartment",""
"24/01/2014","APT 5, BLOCK 11, CLARION QUAY DUBLIN 1","","Dublin","€220,000.00","No","No","Second-Hand Dwelling house /Apartment",""
"24/01/2014","Blackthorn Hill, Coolmine, Saggart","","Dublin","€170,000.00","No","No","Second-Hand Dwelling house /Apartment",""
"25/01/2014","63 FOXFIELD ROAD, RAHENY, DUBLIN 5","Dublin 5","Dublin","€420,000.00","No","No","Second-Hand Dwelling house /Apartment",""
"27/01/2014","1 TEMPLEROAN MEADOWS, KNOCKLYON, DUBLIN 16","","Dublin","€467,000.00","No","No","Second-Hand Dwelling house /Apartment",""
"27/01/2014","100 LOWER DRUMCONDRA ROAD, DUBLIN 9","","Dublin","€256,918.70","No","No","Second-Hand Dwelling house /Apartment",""
"27/01/2014","11 TOLKA RD, BALLYBOUGH, DUBLIN 3","","Dublin","€110,000.00","No","No","Second-Hand Dwelling house /Apartment",""
"27/01/2014","12 Bushfield Drive, Clondalkin","Dublin 22","Dublin","€273,000.00","No","No","Second-Hand Dwelling house /Apartment",""
"27/01/2014","18 ATHLUMNEY VILLAS, RANELAGH, DUBLIN 6","","Dublin","€325,000.00","No","No","Second-Hand Dwelling house /Apartment",""
"27/01/2014","29 MOUNT SYMON LAWN, CLONSILLA, DUBLIN 15","","Dublin","€120,000.00","No","No","Second-Hand Dwelling house /Apartment",""
"27/01/2014","2A CLYDE LANE, BALLSBRIDGE, DUBLIN 4","","Dublin","€810,000.00","No","No","Second-Hand Dwelling house /Apartment",""
"27/01/2014","2B CLYDE LANE, BALLSBRIDGE, DUBLIN 4","","Dublin","€810,000.00","No","No","Second-Hand Dwelling house /Apartment",""
"27/01/2014","32 BOROIMHE BEECH, SWORDS, CO DUBLIN","","Dublin","€110,000.00","No","No","Second-Hand Dwelling house /Apartment",""
"27/01/2014","35 LEALAND DR, BAWNOGUE, CLONDALKIN DUBLIN 22","","Dublin","€155,000.00","No","No","Second-Hand Dwelling house /Apartment",""
"27/01/2014","40 ST BEGNETS VILLAS, DALKEY, DUBLIN","","Dublin","€420,000.00","No","No","Second-Hand Dwelling house /Apartment",""
"27/01/2014","41 GROSVENOR PARK, RATHMINES, DUBLIN 6","","Dublin","€445,000.00","No","No","Second-Hand Dwelling house /Apartment",""
"27/01/2014","42 Eastmoreland Court, Ballsbridge","Dublin 4","Dublin","€340,000.00","No","No","Second-Hand Dwelling house /Apartment",""
"27/01/2014","42 WHITWORTH RD, DRUMCONDRA, DUBLIN 9","","Dublin","€270,000.00","No","No","Second-Hand Dwelling house /Apartment",""
"27/01/2014","43 CLONLEA, BALLINTEER, DUBLIN 16","","Dublin","€442,000.00","No","No","Second-Hand Dwelling house /Apartment",""
"27/01/2014","485A Bluebell Avenue, Bluebell, Dublin 12","Dublin 12","Dublin","€145,000.00","No","No","Second-Hand Dwelling house /Apartment",""
"27/01/2014","5 alderwood, hollystown, dublin 15","Dublin 15","Dublin","€259,030.84","No","Yes","New Dwelling house /Apartment","greater than or equal to 38 sq metres and less than 125 sq metres"
"27/01/2014","5 NORTONS AVE, PHIBSBOROUGH, DUBLIN 7","","Dublin","€144,000.00","No","No","Second-Hand Dwelling house /Apartment",""
"27/01/2014","5 WALNUT RISE, COURTLANDS, GRIFFITH AVE DUBLIN 9","","Dublin","€400,000.00","No","No","Second-Hand Dwelling house /Apartment",""
"27/01/2014","53 GRANGE RD, RATHFARNHAM, DUBLIN 14","","Dublin","€485,000.00","No","No","Second-Hand Dwelling house /Apartment",""
"27/01/2014","56 BRAEMOR RD, CHURCHTOWN, DUBLIN 14","","Dublin","€685,000.00","No","No","Second-Hand Dwelling house /Apartment",""
"27/01/2014","63 BRIAN AVE, MARINO, DUBLIN 3","","Dublin","€410,000.00","No","No","Second-Hand Dwelling house /Apartment",""
"27/01/2014","ELMVILLE, UPPER KILMACUD ROAD, DUBLIN 14","","Dublin","€335,000.00","No","No","Second-Hand Dwelling house /Apartment",""
"27/01/2014","No 4 Westmanstown Cottages, Lucan, County Dublin","","Dublin","€225,000.00","No","Yes","New Dwelling house /Apartment","greater than or equal to 38 sq metres and less than 125 sq metres"
"27/01/2014","St. Anthony's, Ballycullen Road, Knockyon","Dublin 16","Dublin","€315,000.00","No","No","Second-Hand Dwelling house /Apartment",""
"28/01/2014","10 ASHFIELD RD, RANELAGH, DUBLIN 6","","Dublin","€775,000.00","No","No","Second-Hand Dwelling house /Apartment",""
"28/01/2014","13 Saggart Lodge, court, Saggart","","Dublin","€145,320.00","No","Yes","New Dwelling house /Apartment","less than 38 sq metres"
"28/01/2014","15 SHEEPHILL GREEN, CORDUFF, BLANCHARDSTOWN DUBLIN 15","","Dublin","€115,000.00","No","No","Second-Hand Dwelling house /Apartment",""
"28/01/2014","184 SANCTON WOOD BUILDING, 9D 9H HEUSTON SOUTH QUARTER, ST JOHNS RD WEST","","Dublin","€297,300.00","No","No","Second-Hand Dwelling house /Apartment",""
"28/01/2014","1A STRADBROOK RD, BLACKROCK, DUBLIN","","Dublin","€705,000.00","No","No","Second-Hand Dwelling house /Apartment",""
"28/01/2014","2 MAGENNIS COURT, MAGENNIS PLACE, DUBLIN 2","","Dublin","€125,000.00","No","No","Second-Hand Dwelling house /Apartment",""
"28/01/2014","35 Cedar Grove, Ridgewood, Swords","","Dublin","€240,000.00","No","Yes","New Dwelling house /Apartment","greater than or equal to 38 sq metres and less than 125 sq metres"
"28/01/2014","35 TRIMBELSTON GDS, BOOTERSTOWN, DUBLIN","","Dublin","€125,000.00","Yes","No","Second-Hand Dwelling house /Apartment",""
"28/01/2014","36 GLENDOO CLOSE, GREENPARK, WALKINSTOWN DUBLIN 12","","Dublin","€215,000.00","No","No","Second-Hand Dwelling house /Apartment",""
"28/01/2014","36 LES BUISSONNETS, BLACKROCK, DUBLIN","","Dublin","€285,000.00","No","No","Second-Hand Dwelling house /Apartment",""
"28/01/2014","4 LOFTUS CLOSE   BELMONT, AITKENS VILLAGE, STEPASIDE","","Dublin","€325,991.00","No","Yes","New Dwelling house /Apartment","greater than 125 sq metres"
"28/01/2014","41 RATOATH EST, CABRA WEST, DUBLIN 7","","Dublin","€243,000.00","No","No","Second-Hand Dwelling house /Apartment",""
"28/01/2014","44A ARNOTTS STREET, DUBLIN 8","","Dublin","€100,000.00","No","No","Second-Hand Dwelling house /Apartment",""
"28/01/2014","46 CARRICKHILL RISE, PORTMARNOCK, DUBLIN","","Dublin","€381,000.00","No","No","Second-Hand Dwelling house /Apartment",""
"28/01/2014","5 ORMEAU DR, DALKEY, DUBLIN","","Dublin","€615,000.00","No","No","Second-Hand Dwelling house /Apartment",""
"28/01/2014","53, RATOATH AVENUE, FINGLAS WEST DUBLIN 11","","Dublin","€54,290.00","Yes","No","Second-Hand Dwelling house /Apartment",""
"28/01/2014","59 LANDSCAPE PARK, CHURCHTOWN, DUBLIN 14","","Dublin","€423,000.00","No","No","Second-Hand Dwelling house /Apartment",""
"28/01/2014","6 CLONMEL ROAD, BALLYMUN, DUBLIN 11","","Dublin","€117,000.00","Yes","No","Second-Hand Dwelling house /Apartment",""
"28/01/2014","60 ARDCOLLUM AVE, ARTANE, DUBLIN 5","","Dublin","€295,000.00","No","No","Second-Hand Dwelling house /Apartment",""
"28/01/2014","66 Crossforge, Saggart","","Dublin","€212,000.00","No","Yes","New Dwelling house /Apartment","greater than or equal to 38 sq metres and less than 125 sq metres"
"28/01/2014","8 GRANVILLE RD, CABINTEELY DUN LAOGHAIRE, DUBLIN","","Dublin","€530,000.00","No","No","Second-Hand Dwelling house /Apartment",""
"28/01/2014","8 The Ailesbury  Donnybrook Castle, Stillorgan Road, Donnybrook","Dublin 4","Dublin","€304,000.00","No","No","Second-Hand Dwelling house /Apartment",""
"28/01/2014","88 GLASNEVIN AVE, GLASNEVIN, DUBLIN 11","","Dublin","€100,000.00","Yes","No","Second-Hand Dwelling house /Apartment",""
"28/01/2014","APT 16, KENMARE HOUSE, NORTH GREAT GEORGES ST","","Dublin","€115,550.00","No","No","Second-Hand Dwelling house /Apartment",""
"29/01/2014","1 MILLSTEAD, BLANCHARDSTOWN, DUBLIN 15","","Dublin","€254,060.00","No","No","Second-Hand Dwelling house /Apartment",""
"29/01/2014","104 LARKFIELD GDNS, HAROLDS CROSS, DUBLIN 6W","","Dublin","€320,000.00","No","No","Second-Hand Dwelling house /Apartment",""
"29/01/2014","110 RED ARCHES RD, BALDOYLE, DUBLIN","","Dublin","€130,000.00","No","No","Second-Hand Dwelling house /Apartment",""
"29/01/2014","13 WALNUT CT, DUBLIN 9, DUBLIN","","Dublin","€427,000.00","No","No","Second-Hand Dwelling house /Apartment",""
"29/01/2014","158 BURNELL SQ, NORTHERN CROSS, MALAHIDE RD DUBLIN 17","","Dublin","€155,000.00","No","No","Second-Hand Dwelling house /Apartment",""
"29/01/2014","2 ABERDEEN STREET, INFIRMARY ROAD, DUBLIN 7","","Dublin","€190,000.00","No","No","Second-Hand Dwelling house /Apartment",""
"29/01/2014","26 EUGENE ST, DUBLIN 8, DUBLIN","","Dublin","€78,000.00","No","No","Second-Hand Dwelling house /Apartment",""
"29/01/2014","3 CASTLEGATE MEWS, ADAMSTOWN CASTLE, ADAMSTOWN","","Dublin","€224,000.00","No","No","Second-Hand Dwelling house /Apartment",""
"29/01/2014","3 RALEIGH SQ, CRUMLIN, DUBLIN 12","","Dublin","€325,000.00","No","No","Second-Hand Dwelling house /Apartment",""
"29/01/2014","3 WELLMOUNT CRESCENT, FINGLAS WEST, DUBLIN 11","","Dublin","€87,000.00","No","No","Second-Hand Dwelling house /Apartment",""
"29/01/2014","30 PROSPECT, NAUL RD, BALBRIGGAN","","Dublin","€70,000.00","No","No","Second-Hand Dwelling house /Apartment",""
"29/01/2014","31 CUL NA GREINE, OLDBAWN, TALLAGHT DUBLIN 24","","Dublin","€230,000.00","No","No","Second-Hand Dwelling house /Apartment",""
"29/01/2014","34 HILLCOURT ROAD, GLENAGEARY, CO. DUBLIN","","Dublin","€533,000.00","No","No","Second-Hand Dwelling house /Apartment",""
"29/01/2014","35 WESTBOURNE AVE, CLONDALKIN, DUBLIN 22","","Dublin","€145,000.00","No","No","Second-Hand Dwelling house /Apartment",""
"29/01/2014","39 Delvin Banks, Naul Village","","Dublin","€259,110.00","No","Yes","New Dwelling house /Apartment","greater than or equal to 38 sq metres and less than 125 sq metres"
"29/01/2014","4 SAGGART LAKES, SAGGART, DUBLIN","","Dublin","€525,005.01","No","No","Second-Hand Dwelling house /Apartment",""
"29/01/2014","42 Clearstream Court, McKee Avenue, Finglas","Dublin 11","Dublin","€105,000.00","No","Yes","New Dwelling house /Apartment","greater than or equal to 38 sq metres and less than 125 sq metres"
"29/01/2014","45A ROLLINS VILLAS, DUNLAOGHAIRE, DUBLIN","","Dublin","€300,000.00","No","No","Second-Hand Dwelling house /Apartment",""
"29/01/2014","5 Bridge Street, Swords","","Dublin","€170,225.00","No","No","Second-Hand Dwelling house /Apartment",""
"29/01/2014","5 MA TUIRE, MOUNT ANVIL RD, MOUNT MERRION DUBLIN 14","","Dublin","€240,000.00","No","No","Second-Hand Dwelling house /Apartment",""
"29/01/2014","9 ENNAFORT RD, RAHENY, DUBLIN 5","","Dublin","€380,000.00","No","No","Second-Hand Dwelling house /Apartment",""
"29/01/2014","APT 1, 1 ANNESLEY BRIDGE RD, FAIRVIEW","","Dublin","€43,750.00","No","No","Second-Hand Dwelling house /Apartment",""
"29/01/2014","APT 2, 1 ANNESLEY BRIDGE RD, FAIRVIEW","","Dublin","€43,750.00","No","No","Second-Hand Dwelling house /Apartment",""
"29/01/2014","APT 3, 1  ANNESLEY BRIDGE RD, FAIRVIEW","","Dublin","€43,750.00","No","No","Second-Hand Dwelling house /Apartment",""
"29/01/2014","Apt 4 St. Lawarances Quay, Harbour Road, Howth","","Dublin","€180,000.00","No","No","Second-Hand Dwelling house /Apartment",""
"29/01/2014","APT 4, 1 ANNESLEY BRIDGE RD, FAIRVIEW","","Dublin","€43,750.00","No","No","Second-Hand Dwelling house /Apartment",""
"29/01/2014","APT 5, 1 ANNESLEY BRIDGE RD, FAIRVIEW","","Dublin","€43,750.00","No","No","Second-Hand Dwelling house /Apartment",""
"29/01/2014","APT 6, 1 ANNESLEY BRIDGE RD, FAIRVIEW","","Dublin","€43,750.00","No","No","Second-Hand Dwelling house /Apartment",""
"29/01/2014","APT 7, 1 ANNESLEY BRIDGE RD, FAIRVIEW","","Dublin","€43,750.00","No","No","Second-Hand Dwelling house /Apartment",""
"29/01/2014","APT 8, 1 ANNESLEY BRIDGE RD, FAIRVIEW","","Dublin","€43,750.00","No","No","Second-Hand Dwelling house /Apartment",""
"29/01/2014","GARRISTOWN, DUBLIN","","Dublin","€169,000.00","No","No","Second-Hand Dwelling house /Apartment",""
"29/01/2014","KAIKOURA, 11 STRAND RD, KILLINEY","","Dublin","€1,300,000.00","No","No","Second-Hand Dwelling house /Apartment",""
"29/01/2014","SAOIRSE, UPPER CLIFF ROAD, HOWTH","","Dublin","€220,000.00","No","No","Second-Hand Dwelling house /Apartment",""
"30/01/2014","1 LANESWOOD MEWS, PEMBROKE LANE, BALLSBRIDGE DUBLIN 4","","Dublin","€800,000.00","No","No","Second-Hand Dwelling house /Apartment",""
"30/01/2014","10 College Square, Wainsfort Manor Drive, Terenure","Dublin 6w","Dublin","€555,066.07","No","Yes","New Dwelling house /Apartment","greater than 125 sq metres"
"30/01/2014","119 THE OVAL TULLYVALE, DRUID VALLEY, CABINTEELY DUBLIN 18","","Dublin","€287,500.00","No","No","Second-Hand Dwelling house /Apartment",""
"30/01/2014","13 Fortfield Drive, Terenure, Dublin 6W","Dublin 6w","Dublin","€925,000.00","No","No","Second-Hand Dwelling house /Apartment",""
"30/01/2014","14  ROSSFIELD GROVE, TALLAGHT, DUBLIN 24","","Dublin","€102,000.00","No","No","Second-Hand Dwelling house /Apartment",""
"30/01/2014","15 bayside square east, sutton, dublin 13","Dublin 13","Dublin","€200,000.00","No","No","Second-Hand Dwelling house /Apartment",""
"30/01/2014","16A The Grange, Ballyboughal","","Dublin","€309,400.00","No","Yes","New Dwelling house /Apartment","greater than or equal to 38 sq metres and less than 125 sq metres"
"30/01/2014","29 Parsons Court, Newcastle","","Dublin","€109,500.00","No","Yes","New Dwelling house /Apartment","greater than or equal to 38 sq metres and less than 125 sq metres"
"30/01/2014","30 ST AGNES PARK, CRUMLIN, DUBLIN 12","","Dublin","€335,000.00","No","No","Second-Hand Dwelling house /Apartment",""
"30/01/2014","31 GRIFFITH RD, FINGLAS EAST, DUBLIN 11","","Dublin","€148,500.00","No","No","Second-Hand Dwelling house /Apartment",""
"30/01/2014","31 NEWLANDS MANOR PARK, NEWLANDS MANOR, CLONDALKIN DUBLIN 22","","Dublin","€125,000.00","No","No","Second-Hand Dwelling house /Apartment",""
"30/01/2014","378 CASHEL RD, CRUMLIN, DUBLIN","","Dublin","€157,000.00","No","No","Second-Hand Dwelling house /Apartment",""
"30/01/2014","40 SYNGE STREET, DUBLIN 8","","Dublin","€565,000.00","No","No","Second-Hand Dwelling house /Apartment",""
"30/01/2014","46 BROADFORD RISE BALLINTEER, DUBLIN 16, DUBLIN","","Dublin","€322,000.00","No","No","Second-Hand Dwelling house /Apartment",""
"30/01/2014","57 GAINSBOROUGH PARK, MALAHIDE, DUBLIN","","Dublin","€450,000.00","No","No","Second-Hand Dwelling house /Apartment",""
"30/01/2014","6 BOLBROOK DR, DUBLIN 24, DUBLIN","","Dublin","€130,000.00","No","No","Second-Hand Dwelling house /Apartment",""
"30/01/2014","6 Hampton Gardens, Balbriggan","","Dublin","€159,950.00","No","Yes","New Dwelling house /Apartment","greater than or equal to 38 sq metres and less than 125 sq metres"
"30/01/2014","6 MANOR PARK, GRANGE RD, RATHFARNHAM DUBLIN 16","","Dublin","€576,000.00","No","No","Second-Hand Dwelling house /Apartment",""
"30/01/2014","7 CARRICKHILL WALK, PORTMARNOCK, DUBLIN","","Dublin","€475,000.00","No","No","Second-Hand Dwelling house /Apartment",""
"30/01/2014","7 CASTLEKNOCK GROVE, CASTLEKNOCK, DUBLIN 15","","Dublin","€382,000.00","No","No","Second-Hand Dwelling house /Apartment",""
"30/01/2014","7 Chamber Street, Dublin 8","Dublin 8","Dublin","€31,515.16","Yes","No","Second-Hand Dwelling house /Apartment",""
"30/01/2014","74 CASTLE AVE, CLONTARF, DUBLIN 3","","Dublin","€375,000.00","No","No","Second-Hand Dwelling house /Apartment",""
"30/01/2014","75 AYRFIELD RD, AYREFIELD, DUBLIN 13","","Dublin","€255,000.00","No","No","Second-Hand Dwelling house /Apartment",""
"30/01/2014","8 LIFFEY WALK, LIFFEY ST, DUBLIN 1","","Dublin","€110,000.00","No","No","Second-Hand Dwelling house /Apartment",""
"30/01/2014","84A Culmore Road, Palmerstown","Dublin 20","Dublin","€287,224.00","No","Yes","New Dwelling house /Apartment","greater than or equal to 38 sq metres and less than 125 sq metres"
"30/01/2014","88 BARTON RD EAST, CHURCHTOWN, DUBLIN 14","Dublin 14","Dublin","€210,000.00","Yes","No","Second-Hand Dwelling house /Apartment",""
"30/01/2014","9 GROVE PK DR, GLASNEVIN, DUBLIN 11","","Dublin","€237,500.00","No","No","Second-Hand Dwelling house /Apartment",""
"30/01/2014","9 SHANDON PARK, MONKSTOWN RD, BLACKROCK","","Dublin","€518,000.00","No","No","Second-Hand Dwelling house /Apartment",""
"30/01/2014","APT 25, CHAPELGATE, ST. ALPHONSUS RD UPPER","","Dublin","€255,000.00","No","No","Second-Hand Dwelling house /Apartment",""
"30/01/2014","EL CARMEN, 127 STILLORGAN RD, DONNYBROOK","","Dublin","€1,200,000.00","No","No","Second-Hand Dwelling house /Apartment",""
"30/01/2014","Senna House, North Beach, Rush","","Dublin","€525,000.00","No","No","Second-Hand Dwelling house /Apartment",""
"31/01/2014","10 PEMBROKE ROAD, DUBLIN 2","","Dublin","€651,750.00","No","No","Second-Hand Dwelling house /Apartment",""
"31/01/2014","10 THE STRAND, NORTH STRAND RD, DUBLIN 3","","Dublin","€100,000.00","No","No","Second-Hand Dwelling house /Apartment",""
"31/01/2014","109 CLON BRUGH, AIKENS VILLAGE, SANDYFORD DUBLIN 18","","Dublin","€300,000.00","No","No","Second-Hand Dwelling house /Apartment",""
"31/01/2014","11 Dun Emer Park, Lusk","","Dublin","€245,000.00","No","No","Second-Hand Dwelling house /Apartment",""
"31/01/2014","11 THE BOULEVARD, MOUNT EUSTACE, TYRRELLSTOWN","","Dublin","€187,500.00","No","No","Second-Hand Dwelling house /Apartment",""
"31/01/2014","13 TEMPLE HILL, TERENURE ROAD WEST, TERENURE","","Dublin","€226,000.00","No","No","Second-Hand Dwelling house /Apartment",""
"31/01/2014","133 BALROTHERY EST, TALLAGHT, DUBLIN","","Dublin","€192,000.00","No","No","Second-Hand Dwelling house /Apartment",""
"31/01/2014","138 BLACKHALL SQ, BRUNSWICK ST NORTH, DUBLIN 7","","Dublin","€130,000.00","No","No","Second-Hand Dwelling house /Apartment",""
"31/01/2014","138 SOUTH CIRCULAR RD, DUBLIN 8, DUBLIN","","Dublin","€300,000.00","No","No","Second-Hand Dwelling house /Apartment",""
"31/01/2014","14 ASHINGTON CRESCENT, NAVAN RD, DUBLIN 7","","Dublin","€220,000.00","No","No","Second-Hand Dwelling house /Apartment",""
"31/01/2014","17 BALLSBRIDGE WOOD, SHELBOURNE RD, BALLSBRIDGE DUBLIN 4","","Dublin","€830,000.00","No","No","Second-Hand Dwelling house /Apartment",""
"31/01/2014","172 The Richmond, North Brunswick Street, Dublin 7","","Dublin","€122,000.00","No","No","Second-Hand Dwelling house /Apartment",""
"31/01/2014","18 BALLENTREE SQ, TYRRELSTOWN, DUBLIN 15","","Dublin","€110,000.00","No","No","Second-Hand Dwelling house /Apartment",""
"31/01/2014","18 BEAUPARK DOWNS, MONKSTOWN VALLEY, DUBLIN","","Dublin","€210,000.00","No","No","Second-Hand Dwelling house /Apartment",""
"31/01/2014","19 Beverton Heights, Donabate, County Dublin","","Dublin","€242,290.74","No","Yes","New Dwelling house /Apartment","greater than 125 sq metres"
"31/01/2014","19 EAGLEWOOD, ROCHESTOWN AVE, DUN LAOGHAIRE","","Dublin","€245,000.00","No","No","Second-Hand Dwelling house /Apartment",""
"31/01/2014","2 BALLYGIHEN VILLAS, SANDYCOVE, DUBLIN","","Dublin","€800,000.00","No","No","Second-Hand Dwelling house /Apartment",""
"31/01/2014","2 Clyde Lane, Ballsbridge","Dublin 4","Dublin","€830,000.00","No","No","Second-Hand Dwelling house /Apartment",""
"31/01/2014","2 GLASNAMANA PLACE, GLASNEVIN, DUBLIN 11","","Dublin","€190,000.00","No","No","Second-Hand Dwelling house /Apartment",""
"31/01/2014","2 THE MANOR, CYPRESS DOWNS, TEMPLEOGUE DUBLIN 6W","Dublin 6w","Dublin","€780,000.00","No","No","Second-Hand Dwelling house /Apartment",""
"31/01/2014","226A THE AVENUE, BELGARD HEIGHTS, TALLAGHT DUBLIN 24","","Dublin","€190,000.00","No","No","Second-Hand Dwelling house /Apartment",""
"31/01/2014","23 FOREST AVE, RIVERVALLEY, SWORDS","","Dublin","€189,000.00","No","No","Second-Hand Dwelling house /Apartment",""
"31/01/2014","235 PACE RD, CLONEE, DUBLIN 15","","Dublin","€240,000.00","No","No","Second-Hand Dwelling house /Apartment",""
"31/01/2014","24 BUTTERFIELD DRIVE, RATHFARNHAM, DUBLIN 14","","Dublin","€1,250,000.00","No","No","Second-Hand Dwelling house /Apartment",""
"31/01/2014","24 HILLSBROOK GROVE, PERRYSTOWN, DUBLIN 12","","Dublin","€365,000.00","No","No","Second-Hand Dwelling house /Apartment",""
"31/01/2014","26 CAPPAGH AVE, FINGLAS WEST, DUBLIN 11","","Dublin","€141,600.00","No","No","Second-Hand Dwelling house /Apartment",""
"31/01/2014","3 ADDISON PLACE, BOTANIC AVE, DRUMCONDRA DUBLIN 9","","Dublin","€110,000.00","No","No","Second-Hand Dwelling house /Apartment",""
"31/01/2014","3 Kilteragh Road, Foxrock","Dublin 18","Dublin","€1,205,000.00","No","No","Second-Hand Dwelling house /Apartment",""
"31/01/2014","3 The Lapwing, Barnageeragh Cove, Skerries","","Dublin","€308,805.00","No","Yes","New Dwelling house /Apartment","greater than or equal to 38 sq metres and less than 125 sq metres"
"31/01/2014","33 COOLAMBER COURT, KNOCKLYON, DUBLIN 16","","Dublin","€430,000.00","No","No","Second-Hand Dwelling house /Apartment",""
"31/01/2014","34 THORNFIELD SQ, CLONDALKIN, DUBLIN 22","","Dublin","€80,000.00","No","No","Second-Hand Dwelling house /Apartment",""
"31/01/2014","342 CARNLOUGH RD, CABRA RD, DUBLIN 7","","Dublin","€132,500.00","No","No","Second-Hand Dwelling house /Apartment",""
"31/01/2014","36 ROSEGLEN RD, RAHENY, DUBLIN 5","","Dublin","€249,000.00","No","No","Second-Hand Dwelling house /Apartment",""
"31/01/2014","38 ST PETERS CRESCENT, WALKINSTOWN, DUBLIN 12","","Dublin","€232,000.00","No","No","Second-Hand Dwelling house /Apartment",""
"31/01/2014","4 OSPREY, BARNAGEERAGH COVE, SKERRIES","","Dublin","€260,000.00","No","No","Second-Hand Dwelling house /Apartment",""
"31/01/2014","42 THE WILLOW, PARK VIEW, BELARMINE AVE DUBLIN 18","","Dublin","€100,000.00","No","No","Second-Hand Dwelling house /Apartment",""
"31/01/2014","48 THE CLOSE, ORLYNN PARK, LUSK","","Dublin","€177,000.00","No","No","Second-Hand Dwelling house /Apartment",""
"31/01/2014","5 AVONDALE RD, KILLINEY, DUBLIN","","Dublin","€532,500.00","No","No","Second-Hand Dwelling house /Apartment",""
"31/01/2014","50 CLEARSTREAM COURT, MCKEE AVE, FINGLAS DUBLIN 11","","Dublin","€107,000.00","No","No","Second-Hand Dwelling house /Apartment",""
"31/01/2014","52 NEWGRANGE RD, CABRA, DUBLIN","","Dublin","€205,536.00","No","No","Second-Hand Dwelling house /Apartment",""
"31/01/2014","54 KINVARA AVE, NAVAN RD, DUBLIN 7","","Dublin","€250,000.00","No","No","Second-Hand Dwelling house /Apartment",""
"31/01/2014","57 GROSVENOR SQUARE, RATHMINES, DUBLIN 6","","Dublin","€400,000.00","No","No","Second-Hand Dwelling house /Apartment",""
"31/01/2014","58 MAYWOOD AVE, DUBLIN 5, DUBLIN","","Dublin","€400,000.00","No","No","Second-Hand Dwelling house /Apartment",""
"31/01/2014","6 MONKSTOWN RD, MONKSTOWN, DUBLIN","","Dublin","€550,000.00","No","No","Second-Hand Dwelling house /Apartment",""
"31/01/2014","6 OAK APPLE GREEN, RATHGAR, DUBLIN 6","","Dublin","€307,500.00","No","No","Second-Hand Dwelling house /Apartment",""
"31/01/2014","68 ORLAGH PARK, SCHOLARSTOWN RD, TEMPLEOGUE DUBLIN 16","","Dublin","€510,000.00","No","No","Second-Hand Dwelling house /Apartment",""
"31/01/2014","7 CHELMSFORD AVENUE, RANELAGH DUBLIN 6","","Dublin","€350,000.00","No","No","Second-Hand Dwelling house /Apartment",""
"31/01/2014","7 GLENMAROON ROAD, PALMERSTOWN, DUBLIN 20","Dublin 20","Dublin","€240,000.00","No","No","Second-Hand Dwelling house /Apartment",""
"31/01/2014","72 BEECHWOOD LAWN, ROCHESTOWN AVENUE, DUN LAOGHAIRE","","Dublin","€365,000.00","No","No","Second-Hand Dwelling house /Apartment",""
"31/01/2014","72 SPRINGVALE, EDMONDSTOWN RD, RATHFARNHAM DUBLIN 16","","Dublin","€305,000.00","No","No","Second-Hand Dwelling house /Apartment",""
"31/01/2014","75 WOODBROOK CRESCENT, RIVERWOOD RD, PORTERSTOWN DUBLIN 15","","Dublin","€237,000.00","No","No","Second-Hand Dwelling house /Apartment",""
"31/01/2014","778  780 and 782 Howth Road, Raheny, Dublin","Dublin 5","Dublin","€2,226,500.00","No","No","Second-Hand Dwelling house /Apartment",""
"31/01/2014","79 MOUNT PROSPECT AVE, CLONTARF, DUBLIN 3","","Dublin","€1,051,850.00","No","No","Second-Hand Dwelling house /Apartment",""
"31/01/2014","83, LANDEN ROAD, BALLYFERMOT DUBLIN 10","Dublin 10","Dublin","€55,340.00","Yes","No","Second-Hand Dwelling house /Apartment",""
"31/01/2014","98 WESTHAVEN, CLONSILLA, DUBLIN","","Dublin","€165,000.00","No","No","Second-Hand Dwelling house /Apartment",""
"31/01/2014","9, THIRLESTANE TERRACE, OFF MARROWBONE LANE DUBLIN 8","","Dublin","€90,690.00","Yes","No","Second-Hand Dwelling house /Apartment",""
"31/01/2014","APT 2, BLACKHALL SQ, SMITHFIELD DUBLIN 7","","Dublin","€85,000.00","No","No","Second-Hand Dwelling house /Apartment",""
"31/01/2014","Apt 4  Aill Na Mara Apartments, Cliff Road, Ballybunion","Dublin 18","Dublin","€130,000.00","No","No","Second-Hand Dwelling house /Apartment",""
"31/01/2014","APT 73, MERIDIAN COURT, ROYAL CANAL PARK DUBLIN 7","","Dublin","€150,000.00","No","No","Second-Hand Dwelling house /Apartment",""
"31/01/2014","APT. NO. 98, 109 PARNELL ST., DUBLIN 1","Dublin 1","Dublin","€120,000.00","No","No","Second-Hand Dwelling house /Apartment",""
"31/01/2014","BLOOMFIELD, 67 SOUTH CIRCULAR ROAD, PORTOBELLO","","Dublin","€810,000.00","No","No","Second-Hand Dwelling house /Apartment",""
"31/01/2014","Cannonbrook House, Esker Hill, Lucan","","Dublin","€950,000.00","No","No","Second-Hand Dwelling house /Apartment",""
"31/01/2014","COOLLATTIN, 292 RATHMINES RD LOWER, RATHMINES DUBLIN 6","","Dublin","€785,000.00","No","No","Second-Hand Dwelling house /Apartment",""
"31/01/2014","Roslyn, Westminter Road, Foxrock","","Dublin","€690,000.00","No","No","Second-Hand Dwelling house /Apartment",""
"31/01/2014","Stepaside House, Stepaside","","Dublin","€1,525,000.00","No","No","Second-Hand Dwelling house /Apartment",""
"31/01/2014","The Commons, Lusk","","Dublin","€340,000.00","No","No","Second-Hand Dwelling house /Apartment",""
